--
-- PostgreSQL database dump
--

-- Dumped from database version 12.20 (Ubuntu 12.20-0ubuntu0.20.04.1)
-- Dumped by pg_dump version 12.20 (Ubuntu 12.20-0ubuntu0.20.04.1)

SET statement_timeout = 0;
SET lock_timeout = 0;
SET idle_in_transaction_session_timeout = 0;
SET client_encoding = 'UTF8';
SET standard_conforming_strings = on;
SELECT pg_catalog.set_config('search_path', '', false);
SET check_function_bodies = false;
SET xmloption = content;
SET client_min_messages = warning;
SET row_security = off;

SET default_tablespace = '';

SET default_table_access_method = heap;

--
-- Name: accounts_admincode; Type: TABLE; Schema: public; Owner: postgres
--

CREATE TABLE public.accounts_admincode (
    id bigint NOT NULL,
    code character varying(255) NOT NULL,
    is_adm boolean NOT NULL,
    school_id bigint
);


ALTER TABLE public.accounts_admincode OWNER TO postgres;

--
-- Name: accounts_admincode_id_seq; Type: SEQUENCE; Schema: public; Owner: postgres
--

ALTER TABLE public.accounts_admincode ALTER COLUMN id ADD GENERATED BY DEFAULT AS IDENTITY (
    SEQUENCE NAME public.accounts_admincode_id_seq
    START WITH 1
    INCREMENT BY 1
    NO MINVALUE
    NO MAXVALUE
    CACHE 1
);


--
-- Name: accounts_schoolname; Type: TABLE; Schema: public; Owner: postgres
--

CREATE TABLE public.accounts_schoolname (
    id bigint NOT NULL,
    name character varying(255) NOT NULL
);


ALTER TABLE public.accounts_schoolname OWNER TO postgres;

--
-- Name: accounts_schoolname_id_seq; Type: SEQUENCE; Schema: public; Owner: postgres
--

ALTER TABLE public.accounts_schoolname ALTER COLUMN id ADD GENERATED BY DEFAULT AS IDENTITY (
    SEQUENCE NAME public.accounts_schoolname_id_seq
    START WITH 1
    INCREMENT BY 1
    NO MINVALUE
    NO MAXVALUE
    CACHE 1
);


--
-- Name: accounts_teachercode; Type: TABLE; Schema: public; Owner: postgres
--

CREATE TABLE public.accounts_teachercode (
    id bigint NOT NULL,
    code character varying(255) NOT NULL,
    school_id bigint
);


ALTER TABLE public.accounts_teachercode OWNER TO postgres;

--
-- Name: accounts_teachercode_id_seq; Type: SEQUENCE; Schema: public; Owner: postgres
--

ALTER TABLE public.accounts_teachercode ALTER COLUMN id ADD GENERATED BY DEFAULT AS IDENTITY (
    SEQUENCE NAME public.accounts_teachercode_id_seq
    START WITH 1
    INCREMENT BY 1
    NO MINVALUE
    NO MAXVALUE
    CACHE 1
);


--
-- Name: accounts_user; Type: TABLE; Schema: public; Owner: postgres
--

CREATE TABLE public.accounts_user (
    id bigint NOT NULL,
    password character varying(128) NOT NULL,
    last_login timestamp with time zone,
    is_superuser boolean NOT NULL,
    email character varying(255) NOT NULL,
    is_teacher boolean NOT NULL,
    is_active boolean NOT NULL,
    is_staff boolean NOT NULL,
    created_at timestamp with time zone NOT NULL,
    updated_at timestamp with time zone NOT NULL
);


ALTER TABLE public.accounts_user OWNER TO postgres;

--
-- Name: accounts_user_groups; Type: TABLE; Schema: public; Owner: postgres
--

CREATE TABLE public.accounts_user_groups (
    id bigint NOT NULL,
    user_id bigint NOT NULL,
    group_id integer NOT NULL
);


ALTER TABLE public.accounts_user_groups OWNER TO postgres;

--
-- Name: accounts_user_groups_id_seq; Type: SEQUENCE; Schema: public; Owner: postgres
--

ALTER TABLE public.accounts_user_groups ALTER COLUMN id ADD GENERATED BY DEFAULT AS IDENTITY (
    SEQUENCE NAME public.accounts_user_groups_id_seq
    START WITH 1
    INCREMENT BY 1
    NO MINVALUE
    NO MAXVALUE
    CACHE 1
);


--
-- Name: accounts_user_id_seq; Type: SEQUENCE; Schema: public; Owner: postgres
--

ALTER TABLE public.accounts_user ALTER COLUMN id ADD GENERATED BY DEFAULT AS IDENTITY (
    SEQUENCE NAME public.accounts_user_id_seq
    START WITH 1
    INCREMENT BY 1
    NO MINVALUE
    NO MAXVALUE
    CACHE 1
);


--
-- Name: accounts_user_user_permissions; Type: TABLE; Schema: public; Owner: postgres
--

CREATE TABLE public.accounts_user_user_permissions (
    id bigint NOT NULL,
    user_id bigint NOT NULL,
    permission_id integer NOT NULL
);


ALTER TABLE public.accounts_user_user_permissions OWNER TO postgres;

--
-- Name: accounts_user_user_permissions_id_seq; Type: SEQUENCE; Schema: public; Owner: postgres
--

ALTER TABLE public.accounts_user_user_permissions ALTER COLUMN id ADD GENERATED BY DEFAULT AS IDENTITY (
    SEQUENCE NAME public.accounts_user_user_permissions_id_seq
    START WITH 1
    INCREMENT BY 1
    NO MINVALUE
    NO MAXVALUE
    CACHE 1
);


--
-- Name: achievments_achievements; Type: TABLE; Schema: public; Owner: postgres
--

CREATE TABLE public.achievments_achievements (
    id bigint NOT NULL,
    title character varying(255) NOT NULL,
    requirement character varying(255) NOT NULL,
    description character varying(255) NOT NULL,
    pic character varying(100),
    reward integer NOT NULL,
    CONSTRAINT achievments_achievements_reward_check CHECK ((reward >= 0))
);


ALTER TABLE public.achievments_achievements OWNER TO postgres;

--
-- Name: achievments_achievements_id_seq; Type: SEQUENCE; Schema: public; Owner: postgres
--

ALTER TABLE public.achievments_achievements ALTER COLUMN id ADD GENERATED BY DEFAULT AS IDENTITY (
    SEQUENCE NAME public.achievments_achievements_id_seq
    START WITH 1
    INCREMENT BY 1
    NO MINVALUE
    NO MAXVALUE
    CACHE 1
);


--
-- Name: auth_group; Type: TABLE; Schema: public; Owner: postgres
--

CREATE TABLE public.auth_group (
    id integer NOT NULL,
    name character varying(150) NOT NULL
);


ALTER TABLE public.auth_group OWNER TO postgres;

--
-- Name: auth_group_id_seq; Type: SEQUENCE; Schema: public; Owner: postgres
--

ALTER TABLE public.auth_group ALTER COLUMN id ADD GENERATED BY DEFAULT AS IDENTITY (
    SEQUENCE NAME public.auth_group_id_seq
    START WITH 1
    INCREMENT BY 1
    NO MINVALUE
    NO MAXVALUE
    CACHE 1
);


--
-- Name: auth_group_permissions; Type: TABLE; Schema: public; Owner: postgres
--

CREATE TABLE public.auth_group_permissions (
    id bigint NOT NULL,
    group_id integer NOT NULL,
    permission_id integer NOT NULL
);


ALTER TABLE public.auth_group_permissions OWNER TO postgres;

--
-- Name: auth_group_permissions_id_seq; Type: SEQUENCE; Schema: public; Owner: postgres
--

ALTER TABLE public.auth_group_permissions ALTER COLUMN id ADD GENERATED BY DEFAULT AS IDENTITY (
    SEQUENCE NAME public.auth_group_permissions_id_seq
    START WITH 1
    INCREMENT BY 1
    NO MINVALUE
    NO MAXVALUE
    CACHE 1
);


--
-- Name: auth_permission; Type: TABLE; Schema: public; Owner: postgres
--

CREATE TABLE public.auth_permission (
    id integer NOT NULL,
    name character varying(255) NOT NULL,
    content_type_id integer NOT NULL,
    codename character varying(100) NOT NULL
);


ALTER TABLE public.auth_permission OWNER TO postgres;

--
-- Name: auth_permission_id_seq; Type: SEQUENCE; Schema: public; Owner: postgres
--

ALTER TABLE public.auth_permission ALTER COLUMN id ADD GENERATED BY DEFAULT AS IDENTITY (
    SEQUENCE NAME public.auth_permission_id_seq
    START WITH 1
    INCREMENT BY 1
    NO MINVALUE
    NO MAXVALUE
    CACHE 1
);


--
-- Name: calendar_app_event; Type: TABLE; Schema: public; Owner: postgres
--

CREATE TABLE public.calendar_app_event (
    id bigint NOT NULL,
    is_active boolean NOT NULL,
    is_deleted boolean NOT NULL,
    created_at timestamp with time zone NOT NULL,
    updated_at timestamp with time zone NOT NULL,
    title character varying(255) NOT NULL,
    description text,
    start_time timestamp with time zone NOT NULL,
    end_time timestamp with time zone NOT NULL,
    every_week boolean NOT NULL,
    group_id bigint NOT NULL
);


ALTER TABLE public.calendar_app_event OWNER TO postgres;

--
-- Name: calendar_app_event_id_seq; Type: SEQUENCE; Schema: public; Owner: postgres
--

ALTER TABLE public.calendar_app_event ALTER COLUMN id ADD GENERATED BY DEFAULT AS IDENTITY (
    SEQUENCE NAME public.calendar_app_event_id_seq
    START WITH 1
    INCREMENT BY 1
    NO MINVALUE
    NO MAXVALUE
    CACHE 1
);


--
-- Name: calendar_app_eventmarker; Type: TABLE; Schema: public; Owner: postgres
--

CREATE TABLE public.calendar_app_eventmarker (
    id bigint NOT NULL,
    dates date[] NOT NULL,
    mark boolean NOT NULL,
    event_id bigint NOT NULL,
    student_id bigint NOT NULL
);


ALTER TABLE public.calendar_app_eventmarker OWNER TO postgres;

--
-- Name: calendar_app_eventmarker_id_seq; Type: SEQUENCE; Schema: public; Owner: postgres
--

ALTER TABLE public.calendar_app_eventmarker ALTER COLUMN id ADD GENERATED BY DEFAULT AS IDENTITY (
    SEQUENCE NAME public.calendar_app_eventmarker_id_seq
    START WITH 1
    INCREMENT BY 1
    NO MINVALUE
    NO MAXVALUE
    CACHE 1
);


--
-- Name: calendar_app_exceptiondays; Type: TABLE; Schema: public; Owner: postgres
--

CREATE TABLE public.calendar_app_exceptiondays (
    id bigint NOT NULL,
    is_active boolean NOT NULL,
    is_deleted boolean NOT NULL,
    created_at timestamp with time zone NOT NULL,
    updated_at timestamp with time zone NOT NULL,
    date date NOT NULL,
    event_id bigint NOT NULL
);


ALTER TABLE public.calendar_app_exceptiondays OWNER TO postgres;

--
-- Name: calendar_app_exceptiondays_id_seq; Type: SEQUENCE; Schema: public; Owner: postgres
--

ALTER TABLE public.calendar_app_exceptiondays ALTER COLUMN id ADD GENERATED BY DEFAULT AS IDENTITY (
    SEQUENCE NAME public.calendar_app_exceptiondays_id_seq
    START WITH 1
    INCREMENT BY 1
    NO MINVALUE
    NO MAXVALUE
    CACHE 1
);


--
-- Name: django_admin_log; Type: TABLE; Schema: public; Owner: postgres
--

CREATE TABLE public.django_admin_log (
    id integer NOT NULL,
    action_time timestamp with time zone NOT NULL,
    object_id text,
    object_repr character varying(200) NOT NULL,
    action_flag smallint NOT NULL,
    change_message text NOT NULL,
    content_type_id integer,
    user_id bigint NOT NULL,
    CONSTRAINT django_admin_log_action_flag_check CHECK ((action_flag >= 0))
);


ALTER TABLE public.django_admin_log OWNER TO postgres;

--
-- Name: django_admin_log_id_seq; Type: SEQUENCE; Schema: public; Owner: postgres
--

ALTER TABLE public.django_admin_log ALTER COLUMN id ADD GENERATED BY DEFAULT AS IDENTITY (
    SEQUENCE NAME public.django_admin_log_id_seq
    START WITH 1
    INCREMENT BY 1
    NO MINVALUE
    NO MAXVALUE
    CACHE 1
);


--
-- Name: django_content_type; Type: TABLE; Schema: public; Owner: postgres
--

CREATE TABLE public.django_content_type (
    id integer NOT NULL,
    app_label character varying(100) NOT NULL,
    model character varying(100) NOT NULL
);


ALTER TABLE public.django_content_type OWNER TO postgres;

--
-- Name: django_content_type_id_seq; Type: SEQUENCE; Schema: public; Owner: postgres
--

ALTER TABLE public.django_content_type ALTER COLUMN id ADD GENERATED BY DEFAULT AS IDENTITY (
    SEQUENCE NAME public.django_content_type_id_seq
    START WITH 1
    INCREMENT BY 1
    NO MINVALUE
    NO MAXVALUE
    CACHE 1
);


--
-- Name: django_dramatiq_task; Type: TABLE; Schema: public; Owner: postgres
--

CREATE TABLE public.django_dramatiq_task (
    id uuid NOT NULL,
    status character varying(8) NOT NULL,
    created_at timestamp with time zone NOT NULL,
    updated_at timestamp with time zone NOT NULL,
    message_data bytea NOT NULL,
    actor_name character varying(300),
    queue_name character varying(100)
);


ALTER TABLE public.django_dramatiq_task OWNER TO postgres;

--
-- Name: django_migrations; Type: TABLE; Schema: public; Owner: postgres
--

CREATE TABLE public.django_migrations (
    id bigint NOT NULL,
    app character varying(255) NOT NULL,
    name character varying(255) NOT NULL,
    applied timestamp with time zone NOT NULL
);


ALTER TABLE public.django_migrations OWNER TO postgres;

--
-- Name: django_migrations_id_seq; Type: SEQUENCE; Schema: public; Owner: postgres
--

ALTER TABLE public.django_migrations ALTER COLUMN id ADD GENERATED BY DEFAULT AS IDENTITY (
    SEQUENCE NAME public.django_migrations_id_seq
    START WITH 1
    INCREMENT BY 1
    NO MINVALUE
    NO MAXVALUE
    CACHE 1
);


--
-- Name: django_session; Type: TABLE; Schema: public; Owner: postgres
--

CREATE TABLE public.django_session (
    session_key character varying(40) NOT NULL,
    session_data text NOT NULL,
    expire_date timestamp with time zone NOT NULL
);


ALTER TABLE public.django_session OWNER TO postgres;

--
-- Name: shop_buster; Type: TABLE; Schema: public; Owner: postgres
--

CREATE TABLE public.shop_buster (
    id bigint NOT NULL,
    is_active boolean NOT NULL,
    is_deleted boolean NOT NULL,
    created_at timestamp with time zone NOT NULL,
    updated_at timestamp with time zone NOT NULL,
    title character varying(50) NOT NULL,
    description character varying(100) NOT NULL,
    cost integer NOT NULL,
    picture character varying(100) NOT NULL
);


ALTER TABLE public.shop_buster OWNER TO postgres;

--
-- Name: shop_buster_id_seq; Type: SEQUENCE; Schema: public; Owner: postgres
--

ALTER TABLE public.shop_buster ALTER COLUMN id ADD GENERATED BY DEFAULT AS IDENTITY (
    SEQUENCE NAME public.shop_buster_id_seq
    START WITH 1
    INCREMENT BY 1
    NO MINVALUE
    NO MAXVALUE
    CACHE 1
);


--
-- Name: user_profile_attendance; Type: TABLE; Schema: public; Owner: postgres
--

CREATE TABLE public.user_profile_attendance (
    id bigint NOT NULL,
    dates date[] NOT NULL,
    group_id bigint NOT NULL,
    student_id bigint NOT NULL
);


ALTER TABLE public.user_profile_attendance OWNER TO postgres;

--
-- Name: user_profile_attendance_id_seq; Type: SEQUENCE; Schema: public; Owner: postgres
--

ALTER TABLE public.user_profile_attendance ALTER COLUMN id ADD GENERATED BY DEFAULT AS IDENTITY (
    SEQUENCE NAME public.user_profile_attendance_id_seq
    START WITH 1
    INCREMENT BY 1
    NO MINVALUE
    NO MAXVALUE
    CACHE 1
);


--
-- Name: user_profile_counterofbusters; Type: TABLE; Schema: public; Owner: postgres
--

CREATE TABLE public.user_profile_counterofbusters (
    id bigint NOT NULL,
    count integer NOT NULL,
    buster_id bigint NOT NULL,
    student_id bigint NOT NULL,
    CONSTRAINT user_profile_counterofbusters_count_check CHECK ((count >= 0))
);


ALTER TABLE public.user_profile_counterofbusters OWNER TO postgres;

--
-- Name: user_profile_counterofbusters_id_seq; Type: SEQUENCE; Schema: public; Owner: postgres
--

ALTER TABLE public.user_profile_counterofbusters ALTER COLUMN id ADD GENERATED BY DEFAULT AS IDENTITY (
    SEQUENCE NAME public.user_profile_counterofbusters_id_seq
    START WITH 1
    INCREMENT BY 1
    NO MINVALUE
    NO MAXVALUE
    CACHE 1
);


--
-- Name: user_profile_group; Type: TABLE; Schema: public; Owner: postgres
--

CREATE TABLE public.user_profile_group (
    id bigint NOT NULL,
    name character varying(255) NOT NULL
);


ALTER TABLE public.user_profile_group OWNER TO postgres;

--
-- Name: user_profile_group_id_seq; Type: SEQUENCE; Schema: public; Owner: postgres
--

ALTER TABLE public.user_profile_group ALTER COLUMN id ADD GENERATED BY DEFAULT AS IDENTITY (
    SEQUENCE NAME public.user_profile_group_id_seq
    START WITH 1
    INCREMENT BY 1
    NO MINVALUE
    NO MAXVALUE
    CACHE 1
);


--
-- Name: user_profile_group_mentors; Type: TABLE; Schema: public; Owner: postgres
--

CREATE TABLE public.user_profile_group_mentors (
    id bigint NOT NULL,
    group_id bigint NOT NULL,
    mentorprofile_id bigint NOT NULL
);


ALTER TABLE public.user_profile_group_mentors OWNER TO postgres;

--
-- Name: user_profile_group_mentors_id_seq; Type: SEQUENCE; Schema: public; Owner: postgres
--

ALTER TABLE public.user_profile_group_mentors ALTER COLUMN id ADD GENERATED BY DEFAULT AS IDENTITY (
    SEQUENCE NAME public.user_profile_group_mentors_id_seq
    START WITH 1
    INCREMENT BY 1
    NO MINVALUE
    NO MAXVALUE
    CACHE 1
);


--
-- Name: user_profile_group_students; Type: TABLE; Schema: public; Owner: postgres
--

CREATE TABLE public.user_profile_group_students (
    id bigint NOT NULL,
    group_id bigint NOT NULL,
    studentprofile_id bigint NOT NULL
);


ALTER TABLE public.user_profile_group_students OWNER TO postgres;

--
-- Name: user_profile_group_students_id_seq; Type: SEQUENCE; Schema: public; Owner: postgres
--

ALTER TABLE public.user_profile_group_students ALTER COLUMN id ADD GENERATED BY DEFAULT AS IDENTITY (
    SEQUENCE NAME public.user_profile_group_students_id_seq
    START WITH 1
    INCREMENT BY 1
    NO MINVALUE
    NO MAXVALUE
    CACHE 1
);


--
-- Name: user_profile_mentorprofile; Type: TABLE; Schema: public; Owner: postgres
--

CREATE TABLE public.user_profile_mentorprofile (
    id bigint NOT NULL,
    first_name character varying(255) NOT NULL,
    last_name character varying(255) NOT NULL,
    surname character varying(255),
    photo character varying(100),
    created_at timestamp with time zone NOT NULL,
    updated_at timestamp with time zone NOT NULL,
    user_id bigint NOT NULL,
    code_id bigint,
    school_id bigint
);


ALTER TABLE public.user_profile_mentorprofile OWNER TO postgres;

--
-- Name: user_profile_mentorprofile_id_seq; Type: SEQUENCE; Schema: public; Owner: postgres
--

ALTER TABLE public.user_profile_mentorprofile ALTER COLUMN id ADD GENERATED BY DEFAULT AS IDENTITY (
    SEQUENCE NAME public.user_profile_mentorprofile_id_seq
    START WITH 1
    INCREMENT BY 1
    NO MINVALUE
    NO MAXVALUE
    CACHE 1
);


--
-- Name: user_profile_personalprofile; Type: TABLE; Schema: public; Owner: postgres
--

CREATE TABLE public.user_profile_personalprofile (
    id bigint NOT NULL,
    first_name character varying(255) NOT NULL,
    last_name character varying(255) NOT NULL,
    surname character varying(255),
    photo character varying(100),
    created_at timestamp with time zone NOT NULL,
    updated_at timestamp with time zone NOT NULL,
    code_id bigint,
    user_id bigint NOT NULL,
    school_id bigint
);


ALTER TABLE public.user_profile_personalprofile OWNER TO postgres;

--
-- Name: user_profile_personalprofile_id_seq; Type: SEQUENCE; Schema: public; Owner: postgres
--

ALTER TABLE public.user_profile_personalprofile ALTER COLUMN id ADD GENERATED BY DEFAULT AS IDENTITY (
    SEQUENCE NAME public.user_profile_personalprofile_id_seq
    START WITH 1
    INCREMENT BY 1
    NO MINVALUE
    NO MAXVALUE
    CACHE 1
);


--
-- Name: user_profile_playerstatistics; Type: TABLE; Schema: public; Owner: postgres
--

CREATE TABLE public.user_profile_playerstatistics (
    id bigint NOT NULL,
    coins_collected integer NOT NULL,
    rain_repelled integer NOT NULL,
    drought_repelled integer NOT NULL,
    ufo_repelled integer NOT NULL,
    trees_planted integer NOT NULL,
    CONSTRAINT user_profile_playerstatistics_coins_collected_check CHECK ((coins_collected >= 0)),
    CONSTRAINT user_profile_playerstatistics_drought_repelled_check CHECK ((drought_repelled >= 0)),
    CONSTRAINT user_profile_playerstatistics_rain_repelled_check CHECK ((rain_repelled >= 0)),
    CONSTRAINT user_profile_playerstatistics_trees_planted_check CHECK ((trees_planted >= 0)),
    CONSTRAINT user_profile_playerstatistics_ufo_repelled_check CHECK ((ufo_repelled >= 0))
);


ALTER TABLE public.user_profile_playerstatistics OWNER TO postgres;

--
-- Name: user_profile_playerstatistics_id_seq; Type: SEQUENCE; Schema: public; Owner: postgres
--

ALTER TABLE public.user_profile_playerstatistics ALTER COLUMN id ADD GENERATED BY DEFAULT AS IDENTITY (
    SEQUENCE NAME public.user_profile_playerstatistics_id_seq
    START WITH 1
    INCREMENT BY 1
    NO MINVALUE
    NO MAXVALUE
    CACHE 1
);


--
-- Name: user_profile_studentprofile; Type: TABLE; Schema: public; Owner: postgres
--

CREATE TABLE public.user_profile_studentprofile (
    id bigint NOT NULL,
    first_name character varying(255) NOT NULL,
    last_name character varying(255) NOT NULL,
    surname character varying(255),
    photo character varying(100),
    created_at timestamp with time zone NOT NULL,
    updated_at timestamp with time zone NOT NULL,
    balance integer NOT NULL,
    energy integer NOT NULL,
    statistics_id bigint,
    user_id bigint NOT NULL,
    tree_id bigint,
    school_id bigint
);


ALTER TABLE public.user_profile_studentprofile OWNER TO postgres;

--
-- Name: user_profile_studentprofile_achievements; Type: TABLE; Schema: public; Owner: postgres
--

CREATE TABLE public.user_profile_studentprofile_achievements (
    id bigint NOT NULL,
    studentprofile_id bigint NOT NULL,
    achievements_id bigint NOT NULL
);


ALTER TABLE public.user_profile_studentprofile_achievements OWNER TO postgres;

--
-- Name: user_profile_studentprofile_achievements_id_seq; Type: SEQUENCE; Schema: public; Owner: postgres
--

ALTER TABLE public.user_profile_studentprofile_achievements ALTER COLUMN id ADD GENERATED BY DEFAULT AS IDENTITY (
    SEQUENCE NAME public.user_profile_studentprofile_achievements_id_seq
    START WITH 1
    INCREMENT BY 1
    NO MINVALUE
    NO MAXVALUE
    CACHE 1
);


--
-- Name: user_profile_studentprofile_id_seq; Type: SEQUENCE; Schema: public; Owner: postgres
--

ALTER TABLE public.user_profile_studentprofile ALTER COLUMN id ADD GENERATED BY DEFAULT AS IDENTITY (
    SEQUENCE NAME public.user_profile_studentprofile_id_seq
    START WITH 1
    INCREMENT BY 1
    NO MINVALUE
    NO MAXVALUE
    CACHE 1
);


--
-- Name: user_profile_tree; Type: TABLE; Schema: public; Owner: postgres
--

CREATE TABLE public.user_profile_tree (
    id bigint NOT NULL,
    planting_date timestamp with time zone NOT NULL,
    stage integer NOT NULL,
    duration interval NOT NULL,
    event integer,
    start_time timestamp with time zone,
    CONSTRAINT user_profile_tree_event_check CHECK ((event >= 0)),
    CONSTRAINT user_profile_tree_stage_check CHECK ((stage >= 0))
);


ALTER TABLE public.user_profile_tree OWNER TO postgres;

--
-- Name: user_profile_tree_id_seq; Type: SEQUENCE; Schema: public; Owner: postgres
--

ALTER TABLE public.user_profile_tree ALTER COLUMN id ADD GENERATED BY DEFAULT AS IDENTITY (
    SEQUENCE NAME public.user_profile_tree_id_seq
    START WITH 1
    INCREMENT BY 1
    NO MINVALUE
    NO MAXVALUE
    CACHE 1
);


--
-- Name: user_profile_treestatistics; Type: TABLE; Schema: public; Owner: postgres
--

CREATE TABLE public.user_profile_treestatistics (
    id bigint NOT NULL,
    coins_collected integer NOT NULL,
    rain_repelled integer NOT NULL,
    drought_repelled integer NOT NULL,
    ufo_repelled integer NOT NULL,
    tree_id bigint NOT NULL,
    drought_repulsed integer NOT NULL,
    flood_repulsed integer NOT NULL,
    ufo_repulsed integer NOT NULL,
    CONSTRAINT user_profile_treestatistics_coins_collected_check CHECK ((coins_collected >= 0)),
    CONSTRAINT user_profile_treestatistics_drought_repelled_check CHECK ((drought_repelled >= 0)),
    CONSTRAINT user_profile_treestatistics_drought_repulsed_check CHECK ((drought_repulsed >= 0)),
    CONSTRAINT user_profile_treestatistics_flood_repulsed_check CHECK ((flood_repulsed >= 0)),
    CONSTRAINT user_profile_treestatistics_rain_repelled_check CHECK ((rain_repelled >= 0)),
    CONSTRAINT user_profile_treestatistics_ufo_repelled_check CHECK ((ufo_repelled >= 0)),
    CONSTRAINT user_profile_treestatistics_ufo_repulsed_check CHECK ((ufo_repulsed >= 0))
);


ALTER TABLE public.user_profile_treestatistics OWNER TO postgres;

--
-- Name: user_profile_treestatistics_id_seq; Type: SEQUENCE; Schema: public; Owner: postgres
--

ALTER TABLE public.user_profile_treestatistics ALTER COLUMN id ADD GENERATED BY DEFAULT AS IDENTITY (
    SEQUENCE NAME public.user_profile_treestatistics_id_seq
    START WITH 1
    INCREMENT BY 1
    NO MINVALUE
    NO MAXVALUE
    CACHE 1
);


--
-- Name: webpush_group; Type: TABLE; Schema: public; Owner: postgres
--

CREATE TABLE public.webpush_group (
    id integer NOT NULL,
    name character varying(255) NOT NULL
);


ALTER TABLE public.webpush_group OWNER TO postgres;

--
-- Name: webpush_group_id_seq; Type: SEQUENCE; Schema: public; Owner: postgres
--

ALTER TABLE public.webpush_group ALTER COLUMN id ADD GENERATED BY DEFAULT AS IDENTITY (
    SEQUENCE NAME public.webpush_group_id_seq
    START WITH 1
    INCREMENT BY 1
    NO MINVALUE
    NO MAXVALUE
    CACHE 1
);


--
-- Name: webpush_pushinformation; Type: TABLE; Schema: public; Owner: postgres
--

CREATE TABLE public.webpush_pushinformation (
    id integer NOT NULL,
    group_id integer,
    subscription_id integer NOT NULL,
    user_id bigint
);


ALTER TABLE public.webpush_pushinformation OWNER TO postgres;

--
-- Name: webpush_pushinformation_id_seq; Type: SEQUENCE; Schema: public; Owner: postgres
--

ALTER TABLE public.webpush_pushinformation ALTER COLUMN id ADD GENERATED BY DEFAULT AS IDENTITY (
    SEQUENCE NAME public.webpush_pushinformation_id_seq
    START WITH 1
    INCREMENT BY 1
    NO MINVALUE
    NO MAXVALUE
    CACHE 1
);


--
-- Name: webpush_subscriptioninfo; Type: TABLE; Schema: public; Owner: postgres
--

CREATE TABLE public.webpush_subscriptioninfo (
    id integer NOT NULL,
    browser character varying(100) NOT NULL,
    endpoint character varying(500) NOT NULL,
    auth character varying(100) NOT NULL,
    p256dh character varying(100) NOT NULL,
    user_agent character varying(500) NOT NULL
);


ALTER TABLE public.webpush_subscriptioninfo OWNER TO postgres;

--
-- Name: webpush_subscriptioninfo_id_seq; Type: SEQUENCE; Schema: public; Owner: postgres
--

ALTER TABLE public.webpush_subscriptioninfo ALTER COLUMN id ADD GENERATED BY DEFAULT AS IDENTITY (
    SEQUENCE NAME public.webpush_subscriptioninfo_id_seq
    START WITH 1
    INCREMENT BY 1
    NO MINVALUE
    NO MAXVALUE
    CACHE 1
);


--
-- Data for Name: accounts_admincode; Type: TABLE DATA; Schema: public; Owner: postgres
--

COPY public.accounts_admincode (id, code, is_adm, school_id) FROM stdin;
\.


--
-- Data for Name: accounts_schoolname; Type: TABLE DATA; Schema: public; Owner: postgres
--

COPY public.accounts_schoolname (id, name) FROM stdin;
\.


--
-- Data for Name: accounts_teachercode; Type: TABLE DATA; Schema: public; Owner: postgres
--

COPY public.accounts_teachercode (id, code, school_id) FROM stdin;
1	jdfksg	\N
2	test	\N
\.


--
-- Data for Name: accounts_user; Type: TABLE DATA; Schema: public; Owner: postgres
--

COPY public.accounts_user (id, password, last_login, is_superuser, email, is_teacher, is_active, is_staff, created_at, updated_at) FROM stdin;
4	pbkdf2_sha256$870000$h1v4qGF3eL2cCaorLunsXB$cQQtFUlLxVg6SblVKQ/vxo4ymK5BN5jmFhzG+9pFhEc=	2024-09-04 01:58:45.106835+03	f	mentor1@ya.ru	f	t	f	2024-09-04 01:58:43.964703+03	2024-09-04 01:58:43.964703+03
5	pbkdf2_sha256$870000$nss2riYW5IDT987Sa6OqEu$JQJJFs5mPuQaHottxAdT1J3dV8eqqBVgmMOiV0n3rHg=	2024-09-04 03:31:03.319583+03	f	ari.f1rsova@yandex.ru	f	t	f	2024-09-04 03:31:02.103561+03	2024-09-04 03:31:02.103561+03
6	pbkdf2_sha256$870000$j5L6WLFHDD7hb3dfDq1Ak2$fHXPKTyBjXms3E8AKAYtH9Nxnxp5BSA8hwP9EyLN+vY=	2024-09-04 21:19:37.521632+03	f	rtp@gr.ru	f	t	f	2024-09-04 21:19:36.275065+03	2024-09-04 21:19:36.275065+03
9	pbkdf2_sha256$600000$Wz6Qf9P63QGOPIxQg9ydG2$FI/4ma3V42OXZbp2WnzM2nAAU/1ZEJJ2MkeCarQ4dGE=	2024-09-30 18:55:25.280418+03	f	df@sdai.ru	f	t	f	2024-09-30 18:55:24.821603+03	2024-09-30 18:55:24.821635+03
7	pbkdf2_sha256$600000$ym5RRpYXJAvHqafWcWB9sh$mX0Ok+EWwoEqmEdE8a/r5C9mXEz551BYIifW2LaHYNo=	2024-09-23 06:20:03.997254+03	f	random@rand.su	f	t	f	2024-09-23 06:20:03.542531+03	2024-09-23 06:20:03.542545+03
15	pbkdf2_sha256$600000$GmbHkL46V2gUs1odUEbGls$28TNrCTLPSu22bHIZXwbY8J73QDBLTO7HUi/gEPb3Jw=	2024-10-03 09:33:11.514273+03	f	sitnikx66@gmail.com	t	t	f	2024-10-02 21:21:15.851999+03	2024-10-02 21:21:15.852014+03
12	pbkdf2_sha256$600000$QPUHE93I6ocM6tVzzEoUa2$jaSfob4VoYjYeEPF8/FYkrwX96RwCpc+sxFDSWs2E/g=	2024-09-30 19:28:41.087055+03	f	ex@1.ru	f	t	f	2024-09-30 19:28:40.67243+03	2024-09-30 19:28:40.672449+03
13	pbkdf2_sha256$600000$jFY2jPc2xb0hwFbgfTvLrk$CMlEJ4l9UolaWIVxVXBE5+Z37K6OiosA+VpHzYvjm5k=	2024-09-30 19:30:08.572206+03	f	user1@treemov.com	f	t	f	2024-09-30 19:30:08.169961+03	2024-09-30 19:30:08.170047+03
1	pbkdf2_sha256$600000$EqoB9JQzUZLeLNxAnEr52K$954kiYm2NDu2/KNZ385PvgE4pl5KuwFAc3sBVqaMTWc=	2024-09-26 09:43:23.862325+03	t	loxier28@gmail.com	f	t	t	2024-09-03 23:44:27.828429+03	2024-09-03 23:44:27.828429+03
18	pbkdf2_sha256$600000$jbx3aTccsmP50zlobAyuQ1$XnrzdTzQ6G34TjDab8NiIvRi2OwnATF861JSVDefztQ=	2024-10-05 18:39:53.926598+03	f	HeraclAfanasov@gmail.com	f	t	f	2024-10-05 18:39:53.502623+03	2024-10-05 18:39:53.502638+03
2	pbkdf2_sha256$600000$miCojOfQ9ULg4Z1vLuljvj$c7zJ5aAsEiYBaXooGRdMPfVVz3y+Gs82yrOQmQNtIHg=	2024-10-05 20:35:09.674182+03	f	maks2004494@gmail.com	f	t	f	2024-09-03 23:48:39.9798+03	2024-09-03 23:48:39.9798+03
8	pbkdf2_sha256$600000$0cc4AtrB4kqg3vR8xsVL4L$2xVcy+mezVbMmxSPsfhU9+wdcoNGDagEFwIJuuKwiQo=	2024-09-30 10:42:23.431545+03	f	123@mail.ru	f	t	f	2024-09-30 10:42:23.041648+03	2024-09-30 10:42:23.041665+03
19	pbkdf2_sha256$600000$xebOg0J0j3yCJw9KbpePvU$B/ogOa3wa5Bzi1I0u0KVpo3CmCMaQsgMx4xPPhAYZAw=	2024-10-07 08:45:43.795221+03	f	aleksandr012204@gmail.com	f	t	f	2024-10-07 08:41:18.497623+03	2024-10-07 08:41:18.497636+03
11	pbkdf2_sha256$600000$3ZuJctIeeOXklgqIw1nxn8$/BYL4g4l9/HfcvHYjsCP8AzYZ1sSFWVPg5B3/iCDPOk=	2024-09-30 20:07:23.240225+03	f	teacher@treemov.online	t	t	f	2024-09-30 19:20:33.860811+03	2024-09-30 19:20:33.860831+03
10	pbkdf2_sha256$600000$UsHw1MRk2iQnEPi7t9zwXX$IEfXaK4csO0qU6KcPjp+9FC6EljCVBDFXdoFUEVyBug=	2024-09-30 20:12:28.162309+03	f	user@treemov.com	f	t	f	2024-09-30 19:04:30.155143+03	2024-09-30 19:04:30.155155+03
14	pbkdf2_sha256$600000$RPiwrN9tv5iXv6t4Yt3Fc0$9nfjYFLatjezgpgym5oA4w7PpwK2RnsIc+3mnx+3rlI=	2024-10-01 15:34:21.183736+03	f	985481@gmail.com	t	t	f	2024-10-01 15:34:02.937451+03	2024-10-01 15:34:02.937464+03
17	pbkdf2_sha256$600000$3D79hj65wcmJJvT3bt7HUC$URNm+MFR8jy8rTYIb3iDcUEfWKb7J6XSDcpT3a+zmoI=	2024-10-04 11:02:10.813714+03	f	mogucci2000@list.ru	f	t	f	2024-10-04 11:02:10.366972+03	2024-10-04 11:02:10.36699+03
20	pbkdf2_sha256$600000$lbbe70788hKGQEbaHrXnZH$8Z60EtMq0fAU6W9P8FTtOL+VGhJMnsaX1e0GwqEHjZk=	2024-10-13 17:57:11.475521+03	f	hdgdgxhxgx@gmail.com	f	t	f	2024-10-13 17:57:10.926026+03	2024-10-13 17:57:10.92605+03
21	pbkdf2_sha256$600000$zQYhaUloyR1MFdwxUVGfwO$ZcUEQlkW4mgBxGdk3J4/lq6YZOT1Erm5GROBKwDTNV0=	2024-10-16 17:43:41.212168+03	f	aleksm0008@mail.ru	t	t	f	2024-10-16 17:43:40.756071+03	2024-10-16 17:43:40.756086+03
16	pbkdf2_sha256$600000$l5dAN2OJmLDplT6kP9JrXc$yN2cljLMIjc1R7yNDHkZY4HnBp5JSi3LFtgeA7rL8p8=	2024-10-16 18:08:18.341054+03	f	afanasovgerakl@gmail.com	t	t	f	2024-10-03 16:53:46.924369+03	2024-10-03 16:53:46.924385+03
22	pbkdf2_sha256$600000$XdA01q2025xHioUrmCVoTC$7bCEIoa7uNAONfcuBn3VRYElouMxBNuH54+ju7oYPYA=	2024-10-16 18:11:46.790904+03	f	pussuphomies@gmail.com	t	t	f	2024-10-16 18:11:46.323007+03	2024-10-16 18:11:46.323019+03
3	pbkdf2_sha256$600000$aU78wYkTNLIRhcoZVxtkjZ$Z0sPO6EQV0hUckDDUypjkCvDfM4j6oJVD+gEynXzHFs=	2024-10-16 22:21:21.672639+03	f	teacher@treemov.com	t	t	f	2024-09-04 00:29:46.988992+03	2024-09-04 00:29:46.988992+03
\.


--
-- Data for Name: accounts_user_groups; Type: TABLE DATA; Schema: public; Owner: postgres
--

COPY public.accounts_user_groups (id, user_id, group_id) FROM stdin;
\.


--
-- Data for Name: accounts_user_user_permissions; Type: TABLE DATA; Schema: public; Owner: postgres
--

COPY public.accounts_user_user_permissions (id, user_id, permission_id) FROM stdin;
\.


--
-- Data for Name: achievments_achievements; Type: TABLE DATA; Schema: public; Owner: postgres
--

COPY public.achievments_achievements (id, title, requirement, description, pic, reward) FROM stdin;
1	Зеленый росток	Защити дерево от 5 атак	Ты только начал, но уже защищаешь свое дерево как настоящий садовник!	default_pics/achievment.png	1
2	Солнечный луч	Собери 10 монет с дерева	Первые монеты собраны! Продолжай в том же духе!	default_pics/achievment.png	1
3	Против наводнения	Отбей 2 атаки дождя	Ты смог спасти дерево от наводнения!	default_pics/achievment.png	1
4	Ночной дозор	Защити дерево от атаки НЛО	НЛО не смогло похитить твое дерево благодаря твоей защите!	default_pics/achievment.png	1
5	Стойкий оловянный солдатик	Защити дерево от 20 атак	Ты настоящий защитник своего дерева!	default_pics/achievment.png	3
6	Денежное дерево	Собери 50 монет с дерева	Твое дерево приносит всё больше монет!	default_pics/achievment.png	2
7	Не тронь моё дерево!	Отбей 10 атак всех видов "врагов"	Никто не может повредить твое дерево!	default_pics/achievment.png	2
8	Лесной гигант	Собери 200 монет с дерева	Твое дерево стало настоящим гигантом!	default_pics/achievment.png	3
\.


--
-- Data for Name: auth_group; Type: TABLE DATA; Schema: public; Owner: postgres
--

COPY public.auth_group (id, name) FROM stdin;
\.


--
-- Data for Name: auth_group_permissions; Type: TABLE DATA; Schema: public; Owner: postgres
--

COPY public.auth_group_permissions (id, group_id, permission_id) FROM stdin;
\.


--
-- Data for Name: auth_permission; Type: TABLE DATA; Schema: public; Owner: postgres
--

COPY public.auth_permission (id, name, content_type_id, codename) FROM stdin;
1	Can add task	1	add_task
2	Can change task	1	change_task
3	Can delete task	1	delete_task
4	Can view task	1	view_task
5	Can add log entry	2	add_logentry
6	Can change log entry	2	change_logentry
7	Can delete log entry	2	delete_logentry
8	Can view log entry	2	view_logentry
9	Can add permission	3	add_permission
10	Can change permission	3	change_permission
11	Can delete permission	3	delete_permission
12	Can view permission	3	view_permission
13	Can add group	4	add_group
14	Can change group	4	change_group
15	Can delete group	4	delete_group
16	Can view group	4	view_group
17	Can add content type	5	add_contenttype
18	Can change content type	5	change_contenttype
19	Can delete content type	5	delete_contenttype
20	Can view content type	5	view_contenttype
21	Can add session	6	add_session
22	Can change session	6	change_session
23	Can delete session	6	delete_session
24	Can view session	6	view_session
25	Can add user	7	add_user
26	Can change user	7	change_user
27	Can delete user	7	delete_user
28	Can view user	7	view_user
29	Can add teacher code	8	add_teachercode
30	Can change teacher code	8	change_teachercode
31	Can delete teacher code	8	delete_teachercode
32	Can view teacher code	8	view_teachercode
33	Can add player statistics	9	add_playerstatistics
34	Can change player statistics	9	change_playerstatistics
35	Can delete player statistics	9	delete_playerstatistics
36	Can view player statistics	9	view_playerstatistics
37	Can add tree	10	add_tree
38	Can change tree	10	change_tree
39	Can delete tree	10	delete_tree
40	Can view tree	10	view_tree
41	Can add counter of busters	11	add_counterofbusters
42	Can change counter of busters	11	change_counterofbusters
43	Can delete counter of busters	11	delete_counterofbusters
44	Can view counter of busters	11	view_counterofbusters
45	Can add mentor profile	12	add_mentorprofile
46	Can change mentor profile	12	change_mentorprofile
47	Can delete mentor profile	12	delete_mentorprofile
48	Can view mentor profile	12	view_mentorprofile
49	Can add student profile	13	add_studentprofile
50	Can change student profile	13	change_studentprofile
51	Can delete student profile	13	delete_studentprofile
52	Can view student profile	13	view_studentprofile
53	Can add group	14	add_group
54	Can change group	14	change_group
55	Can delete group	14	delete_group
56	Can view group	14	view_group
57	Can add tree statistics	15	add_treestatistics
58	Can change tree statistics	15	change_treestatistics
59	Can delete tree statistics	15	delete_treestatistics
60	Can view tree statistics	15	view_treestatistics
61	Can add attendance	16	add_attendance
62	Can change attendance	16	change_attendance
63	Can delete attendance	16	delete_attendance
64	Can view attendance	16	view_attendance
65	Can add buster	17	add_buster
66	Can change buster	17	change_buster
67	Can delete buster	17	delete_buster
68	Can view buster	17	view_buster
69	Can add achievements	18	add_achievements
70	Can change achievements	18	change_achievements
71	Can delete achievements	18	delete_achievements
72	Can view achievements	18	view_achievements
73	Can add event	19	add_event
74	Can change event	19	change_event
75	Can delete event	19	delete_event
76	Can view event	19	view_event
77	Can add exception days	20	add_exceptiondays
78	Can change exception days	20	change_exceptiondays
79	Can delete exception days	20	delete_exceptiondays
80	Can view exception days	20	view_exceptiondays
81	Can add group	21	add_group
82	Can change group	21	change_group
83	Can delete group	21	delete_group
84	Can view group	21	view_group
85	Can add push information	22	add_pushinformation
86	Can change push information	22	change_pushinformation
87	Can delete push information	22	delete_pushinformation
88	Can view push information	22	view_pushinformation
89	Can add subscription info	23	add_subscriptioninfo
90	Can change subscription info	23	change_subscriptioninfo
91	Can delete subscription info	23	delete_subscriptioninfo
92	Can view subscription info	23	view_subscriptioninfo
93	Can add school name	24	add_schoolname
94	Can change school name	24	change_schoolname
95	Can delete school name	24	delete_schoolname
96	Can view school name	24	view_schoolname
97	Can add admin code	25	add_admincode
98	Can change admin code	25	change_admincode
99	Can delete admin code	25	delete_admincode
100	Can view admin code	25	view_admincode
101	Can add personal profile	26	add_personalprofile
102	Can change personal profile	26	change_personalprofile
103	Can delete personal profile	26	delete_personalprofile
104	Can view personal profile	26	view_personalprofile
105	Can add event marker	27	add_eventmarker
106	Can change event marker	27	change_eventmarker
107	Can delete event marker	27	delete_eventmarker
108	Can view event marker	27	view_eventmarker
\.


--
-- Data for Name: calendar_app_event; Type: TABLE DATA; Schema: public; Owner: postgres
--

COPY public.calendar_app_event (id, is_active, is_deleted, created_at, updated_at, title, description, start_time, end_time, every_week, group_id) FROM stdin;
2	t	f	2024-09-04 00:49:47.801338+03	2024-09-04 00:49:47.801338+03	Растяжка 	\N	2024-09-05 23:49:00+03	2024-09-06 00:49:00+03	t	2
3	t	f	2024-09-23 06:12:56.658353+03	2024-09-23 06:12:56.65837+03	рандом	\N	2024-09-23 10:00:00+03	2024-09-23 15:05:00+03	f	2
4	t	f	2024-09-25 22:58:03.644232+03	2024-09-25 22:58:03.644261+03	Что-то 	\N	2024-09-26 01:59:00+03	2024-09-26 02:59:00+03	f	2
5	t	f	2024-09-25 22:59:06.137547+03	2024-09-25 22:59:06.137624+03	Еще что-то 	\N	2024-09-26 02:00:00+03	2024-09-26 02:59:00+03	f	2
6	t	f	2024-09-26 09:46:13.607461+03	2024-09-26 09:46:13.607478+03	some	\N	2024-09-26 13:46:00+03	2024-09-26 15:46:00+03	f	2
7	t	f	2024-09-28 10:35:48.943882+03	2024-09-28 10:35:48.943899+03	Занятие 	\N	2024-09-28 13:35:00+03	2024-09-28 14:35:00+03	f	2
8	t	f	2024-09-28 10:50:59.910246+03	2024-09-28 10:50:59.910261+03	Занятие 2	\N	2024-09-28 14:50:00+03	2024-09-28 15:50:00+03	t	2
9	t	f	2024-09-29 11:45:57.113832+03	2024-09-29 11:45:57.113846+03	рандом	\N	2024-09-29 16:46:00+03	2024-09-29 17:46:00+03	f	2
10	t	f	2024-09-29 11:46:31.005511+03	2024-09-29 11:46:31.005525+03	рандом 2	\N	2024-09-29 16:46:00+03	2024-09-29 21:46:00+03	f	2
11	t	f	2024-09-30 16:59:19.658933+03	2024-09-30 16:59:19.658951+03	рандом	\N	2024-09-30 21:59:00+03	2024-09-30 22:59:00+03	f	2
12	t	f	2024-09-30 19:38:26.723839+03	2024-09-30 19:38:26.723857+03	занятие	\N	2024-09-30 22:40:00+03	2024-09-30 23:40:00+03	f	5
13	t	f	2024-10-02 21:26:50.525182+03	2024-10-02 21:26:50.525198+03	Геймдизайн 	\N	2024-10-07 21:30:00+03	2024-10-07 23:00:00+03	t	7
14	t	f	2024-10-02 21:28:15.074207+03	2024-10-02 21:28:15.074229+03	Геймдизайн 	\N	2024-10-06 13:00:00+03	2024-10-06 14:30:00+03	t	7
15	t	f	2024-10-02 21:30:05.374134+03	2024-10-02 21:30:05.374153+03	Геймдизайн 	\N	2024-10-08 21:30:00+03	2024-10-08 23:00:00+03	t	8
16	t	f	2024-10-02 21:30:52.116758+03	2024-10-02 21:30:52.116777+03	Геймдизайн 	\N	2024-10-02 21:30:00+03	2024-10-02 23:00:00+03	t	9
18	t	f	2024-10-02 21:33:23.066264+03	2024-10-02 21:33:23.066278+03	Геймдизайн 	\N	2024-10-06 14:40:00+03	2024-10-06 16:10:00+03	t	9
19	t	f	2024-10-03 02:12:32.100463+03	2024-10-03 02:12:32.100482+03	Рандом	\N	2024-10-03 15:00:00+03	2024-10-03 16:00:00+03	f	2
20	t	f	2024-10-03 02:13:39.45847+03	2024-10-03 02:13:39.458486+03	Занятие	\N	2024-10-03 06:13:00+03	2024-10-03 07:13:00+03	f	2
17	t	f	2024-10-02 21:32:16.354316+03	2024-10-02 21:32:16.354334+03	Геймдизайн 	\N	2024-10-03 21:30:00+03	2024-10-03 23:00:00+03	t	8
22	t	f	2024-10-03 21:15:40.243587+03	2024-10-03 21:15:40.243605+03	Рандом	\N	2024-10-04 01:15:00+03	2024-10-04 02:15:00+03	f	14
23	t	f	2024-10-05 18:42:06.531212+03	2024-10-05 18:42:06.531227+03	Первое занятие 	\N	2024-10-06 16:00:00+03	2024-10-06 17:30:00+03	t	19
25	t	f	2024-10-16 18:15:35.483679+03	2024-10-16 18:15:35.483693+03	о	\N	2024-10-20 01:15:00+03	2024-10-20 02:15:00+03	t	20
\.


--
-- Data for Name: calendar_app_eventmarker; Type: TABLE DATA; Schema: public; Owner: postgres
--

COPY public.calendar_app_eventmarker (id, dates, mark, event_id, student_id) FROM stdin;
1	{2024-09-29}	t	9	1
2	{2024-09-30}	t	12	8
3	{2024-09-30}	t	12	10
5	{2024-10-13}	t	23	12
6	{2024-10-13}	t	23	13
\.


--
-- Data for Name: calendar_app_exceptiondays; Type: TABLE DATA; Schema: public; Owner: postgres
--

COPY public.calendar_app_exceptiondays (id, is_active, is_deleted, created_at, updated_at, date, event_id) FROM stdin;
\.


--
-- Data for Name: django_admin_log; Type: TABLE DATA; Schema: public; Owner: postgres
--

COPY public.django_admin_log (id, action_time, object_id, object_repr, action_flag, change_message, content_type_id, user_id) FROM stdin;
\.


--
-- Data for Name: django_content_type; Type: TABLE DATA; Schema: public; Owner: postgres
--

COPY public.django_content_type (id, app_label, model) FROM stdin;
1	django_dramatiq	task
2	admin	logentry
3	auth	permission
4	auth	group
5	contenttypes	contenttype
6	sessions	session
7	accounts	user
8	accounts	teachercode
9	user_profile	playerstatistics
10	user_profile	tree
11	user_profile	counterofbusters
12	user_profile	mentorprofile
13	user_profile	studentprofile
14	user_profile	group
15	user_profile	treestatistics
16	user_profile	attendance
17	shop	buster
18	achievments	achievements
19	calendar_app	event
20	calendar_app	exceptiondays
21	webpush	group
22	webpush	pushinformation
23	webpush	subscriptioninfo
24	accounts	schoolname
25	accounts	admincode
26	user_profile	personalprofile
27	calendar_app	eventmarker
\.


--
-- Data for Name: django_dramatiq_task; Type: TABLE DATA; Schema: public; Owner: postgres
--

COPY public.django_dramatiq_task (id, status, created_at, updated_at, message_data, actor_name, queue_name) FROM stdin;
09150e74-d7d3-4f57-b876-4f467030bc9c	done	2024-09-04 03:33:12.878992+03	2024-09-04 03:34:43.543658+03	\\x7b2271756575655f6e616d65223a2264656661756c74222c226163746f725f6e616d65223a22747265655f70726f6772657373222c2261726773223a5b335d2c226b7761726773223a7b7d2c226f7074696f6e73223a7b2272656469735f6d6573736167655f6964223a2263336432373630382d626130662d346262332d383735642d313961633364663365316139227d2c226d6573736167655f6964223a2230393135306537342d643764332d346635372d623837362d346634363730333062633963222c226d6573736167655f74696d657374616d70223a313732353339353539323836327d	tree_progress	default
118d7a05-1a0f-40c5-9017-acd9042f7ff9	done	2024-09-04 03:34:43.449667+03	2024-09-04 03:35:30.886869+03	\\x7b2271756575655f6e616d65223a2264656661756c74222c226163746f725f6e616d65223a227365745f6576656e74222c2261726773223a5b332c305d2c226b7761726773223a7b7d2c226f7074696f6e73223a7b2272656469735f6d6573736167655f6964223a2235393166306537342d386663612d343830632d396262312d343365373564363437633936227d2c226d6573736167655f6964223a2231313864376130352d316130662d343063352d393031372d616364393034326637666639222c226d6573736167655f74696d657374616d70223a313732353339353638333434317d	set_event	default
1cf68685-5184-48c8-b7b7-53edaaed5e9a	done	2024-09-04 21:37:06.992606+03	2024-09-04 21:38:15.908452+03	\\x7b2271756575655f6e616d65223a2264656661756c74222c226163746f725f6e616d65223a227365745f6576656e74222c2261726773223a5b342c305d2c226b7761726773223a7b7d2c226f7074696f6e73223a7b2272656469735f6d6573736167655f6964223a2231663664383861372d663062662d346431392d383265662d623034363565356235623835227d2c226d6573736167655f6964223a2231636636383638352d353138342d343863382d623762372d353365646161656435653961222c226d6573736167655f74696d657374616d70223a313732353436303632363938367d	set_event	default
263be2fa-d761-4073-94a1-fc5a4ec3a845	done	2024-09-04 03:42:17.025743+03	2024-09-04 03:43:47.587179+03	\\x7b2271756575655f6e616d65223a2264656661756c74222c226163746f725f6e616d65223a22747265655f70726f6772657373222c2261726773223a5b335d2c226b7761726773223a7b7d2c226f7074696f6e73223a7b2272656469735f6d6573736167655f6964223a2236623463383238652d633530642d343061342d393930382d306365663466613031303063227d2c226d6573736167655f6964223a2232363362653266612d643736312d343037332d393461312d666335613465633361383435222c226d6573736167655f74696d657374616d70223a313732353339363133373031387d	tree_progress	default
ef812540-8ffa-4621-b1bb-1072593ec32d	done	2024-09-04 03:43:47.392262+03	2024-09-04 03:44:30.398579+03	\\x7b2271756575655f6e616d65223a2264656661756c74222c226163746f725f6e616d65223a227365745f6576656e74222c2261726773223a5b332c305d2c226b7761726773223a7b7d2c226f7074696f6e73223a7b2272656469735f6d6573736167655f6964223a2231633630363061322d333839352d343063352d383732332d356239376663316133306235227d2c226d6573736167655f6964223a2265663831323534302d386666612d343632312d623162622d313037323539336563333264222c226d6573736167655f74696d657374616d70223a313732353339363232373337397d	set_event	default
d9be1991-d234-4913-b984-ff10c339b723	done	2024-09-04 03:45:12.197035+03	2024-09-04 03:45:13.481979+03	\\x7b2271756575655f6e616d65223a2264656661756c74222c226163746f725f6e616d65223a22747265655f70726f6772657373222c2261726773223a5b335d2c226b7761726773223a7b7d2c226f7074696f6e73223a7b2272656469735f6d6573736167655f6964223a2261336631623736662d363935302d346539322d383030632d633666366630393530343937227d2c226d6573736167655f6964223a2264396265313939312d643233342d343931332d623938342d666631306333333962373233222c226d6573736167655f74696d657374616d70223a313732353339363331323138317d	tree_progress	default
e8652c0c-ab24-4839-8bbd-c0f5ff8a5eee	done	2024-09-04 03:45:12.977975+03	2024-09-04 03:46:43.232565+03	\\x7b2271756575655f6e616d65223a2264656661756c74222c226163746f725f6e616d65223a227365745f6576656e74222c2261726773223a5b332c325d2c226b7761726773223a7b7d2c226f7074696f6e73223a7b2272656469735f6d6573736167655f6964223a2233306234306333652d396662642d343234332d626263372d323737653033333937633065227d2c226d6573736167655f6964223a2265383635326330632d616232342d343833392d386262642d633066356666386135656565222c226d6573736167655f74696d657374616d70223a313732353339363331323935347d	set_event	default
6856708f-569e-41c2-967f-011decd26edb	done	2024-09-04 03:47:30.667704+03	2024-09-04 03:47:31.754502+03	\\x7b2271756575655f6e616d65223a2264656661756c74222c226163746f725f6e616d65223a22747265655f70726f6772657373222c2261726773223a5b335d2c226b7761726773223a7b7d2c226f7074696f6e73223a7b2272656469735f6d6573736167655f6964223a2231626566326436642d396261632d346663302d383166612d643838383831346464633965227d2c226d6573736167655f6964223a2236383536373038662d353639652d343163322d393637662d303131646563643236656462222c226d6573736167655f74696d657374616d70223a313732353339363435303634377d	tree_progress	default
c12e6182-0f78-4648-acb4-9c10fc024c7c	done	2024-09-04 03:47:31.189675+03	2024-09-04 03:48:59.955767+03	\\x7b2271756575655f6e616d65223a2264656661756c74222c226163746f725f6e616d65223a227365745f6576656e74222c2261726773223a5b332c315d2c226b7761726773223a7b7d2c226f7074696f6e73223a7b2272656469735f6d6573736167655f6964223a2261643963366534372d366537302d343338622d393962382d643464316234613865626136227d2c226d6573736167655f6964223a2263313265363138322d306637382d343634382d616362342d396331306663303234633763222c226d6573736167655f74696d657374616d70223a313732353339363435313137387d	set_event	default
389eed87-a93e-41d9-967a-82fe79f54088	done	2024-09-04 03:55:33.649445+03	2024-09-04 03:57:04.203169+03	\\x7b2271756575655f6e616d65223a2264656661756c74222c226163746f725f6e616d65223a22747265655f70726f6772657373222c2261726773223a5b335d2c226b7761726773223a7b7d2c226f7074696f6e73223a7b2272656469735f6d6573736167655f6964223a2236633139636366362d623362322d346162382d616165622d313436383330393832356138227d2c226d6573736167655f6964223a2233383965656438372d613933652d343164392d393637612d383266653739663534303838222c226d6573736167655f74696d657374616d70223a313732353339363933333634337d	tree_progress	default
0299e741-6ae8-4e0f-b572-385f46f6be0c	done	2024-09-04 03:57:04.055181+03	2024-09-04 03:58:06.09155+03	\\x7b2271756575655f6e616d65223a2264656661756c74222c226163746f725f6e616d65223a227365745f6576656e74222c2261726773223a5b332c315d2c226b7761726773223a7b7d2c226f7074696f6e73223a7b2272656469735f6d6573736167655f6964223a2237323766376664612d393939662d343439362d616661662d353330373738626266303934227d2c226d6573736167655f6964223a2230323939653734312d366165382d346530662d623537322d333835663436663662653063222c226d6573736167655f74696d657374616d70223a313732353339373032343033397d	set_event	default
23325f66-e6ec-4d91-8493-f4af271cfa03	done	2024-09-04 03:58:48.815012+03	2024-09-04 03:59:19.243489+03	\\x7b2271756575655f6e616d65223a2264656661756c74222c226163746f725f6e616d65223a22747265655f70726f6772657373222c2261726773223a5b335d2c226b7761726773223a7b7d2c226f7074696f6e73223a7b2272656469735f6d6573736167655f6964223a2232323562313662612d316235302d346436612d393665362d353037643963373431633163227d2c226d6573736167655f6964223a2232333332356636362d653665632d346439312d383439332d663461663237316366613033222c226d6573736167655f74696d657374616d70223a313732353339373132383830327d	tree_progress	default
a358c05f-32e4-4319-9211-01973dadaee6	done	2024-09-04 03:59:19.106455+03	2024-09-04 04:00:40.205541+03	\\x7b2271756575655f6e616d65223a2264656661756c74222c226163746f725f6e616d65223a227365745f6576656e74222c2261726773223a5b332c325d2c226b7761726773223a7b7d2c226f7074696f6e73223a7b2272656469735f6d6573736167655f6964223a2262613733623437362d353066662d343931632d393932302d316131373632333165376138227d2c226d6573736167655f6964223a2261333538633035662d333265342d343331392d393231312d303139373364616461656536222c226d6573736167655f74696d657374616d70223a313732353339373135393039397d	set_event	default
87507325-fb79-43c8-871e-a8b34830d8f1	done	2024-09-04 21:20:55.787205+03	2024-09-04 21:22:26.203338+03	\\x7b2271756575655f6e616d65223a2264656661756c74222c226163746f725f6e616d65223a22747265655f70726f6772657373222c2261726773223a5b345d2c226b7761726773223a7b7d2c226f7074696f6e73223a7b2272656469735f6d6573736167655f6964223a2234376566336132312d633137382d343034362d616636362d643236336439303065366661227d2c226d6573736167655f6964223a2238373530373332352d666237392d343363382d383731652d613862333438333064386631222c226d6573736167655f74696d657374616d70223a313732353435393635353737397d	tree_progress	default
4180658e-234e-4db7-9cc0-b1822ab51634	done	2024-09-04 21:22:26.006352+03	2024-09-04 21:23:25.065372+03	\\x7b2271756575655f6e616d65223a2264656661756c74222c226163746f725f6e616d65223a227365745f6576656e74222c2261726773223a5b342c325d2c226b7761726773223a7b7d2c226f7074696f6e73223a7b2272656469735f6d6573736167655f6964223a2262666630333963652d613130632d343731642d383261312d353136663435613662383837227d2c226d6573736167655f6964223a2234313830363538652d323334652d346462372d396363302d623138323261623531363334222c226d6573736167655f74696d657374616d70223a313732353435393734353939367d	set_event	default
69f18b8d-b0be-4c9f-b7be-204101a9aa77	done	2024-09-04 21:23:35.821448+03	2024-09-04 21:24:06.335738+03	\\x7b2271756575655f6e616d65223a2264656661756c74222c226163746f725f6e616d65223a22747265655f70726f6772657373222c2261726773223a5b345d2c226b7761726773223a7b7d2c226f7074696f6e73223a7b2272656469735f6d6573736167655f6964223a2262383731626232322d383237642d346563312d623665642d346363363737313335333332227d2c226d6573736167655f6964223a2236396631386238642d623062652d346339662d623762652d323034313031613961613737222c226d6573736167655f74696d657374616d70223a313732353435393831353831367d	tree_progress	default
9a344b19-7028-4220-8e0f-c7b4afd1f4da	done	2024-09-04 21:24:06.226702+03	2024-09-04 21:24:51.605075+03	\\x7b2271756575655f6e616d65223a2264656661756c74222c226163746f725f6e616d65223a227365745f6576656e74222c2261726773223a5b342c305d2c226b7761726773223a7b7d2c226f7074696f6e73223a7b2272656469735f6d6573736167655f6964223a2263633536353935622d316234612d343936312d613061302d373533383731653033373031227d2c226d6573736167655f6964223a2239613334346231392d373032382d343232302d386530662d633762346166643166346461222c226d6573736167655f74696d657374616d70223a313732353435393834363232317d	set_event	default
35f44130-209b-44ce-bc80-55f12e33fa8b	done	2024-09-04 21:25:04.630247+03	2024-09-04 21:25:34.884433+03	\\x7b2271756575655f6e616d65223a2264656661756c74222c226163746f725f6e616d65223a22747265655f70726f6772657373222c2261726773223a5b345d2c226b7761726773223a7b7d2c226f7074696f6e73223a7b2272656469735f6d6573736167655f6964223a2232333530323134342d626462322d346264612d623039332d653865346630643765343362227d2c226d6573736167655f6964223a2233356634343133302d323039622d343463652d626338302d353566313265333366613862222c226d6573736167655f74696d657374616d70223a313732353435393930343632347d	tree_progress	default
16652a3a-a227-47d3-b417-2828bc0004ac	done	2024-09-04 21:25:34.774455+03	2024-09-04 21:26:20.232158+03	\\x7b2271756575655f6e616d65223a2264656661756c74222c226163746f725f6e616d65223a227365745f6576656e74222c2261726773223a5b342c325d2c226b7761726773223a7b7d2c226f7074696f6e73223a7b2272656469735f6d6573736167655f6964223a2236613363313234372d653064372d343734662d393834302d616137303638316465336338227d2c226d6573736167655f6964223a2231363635326133612d613232372d343764332d623431372d323832386263303030346163222c226d6573736167655f74696d657374616d70223a313732353435393933343736377d	set_event	default
edc2de2d-2063-4eef-8b16-53376810964a	done	2024-09-04 21:26:29.872978+03	2024-09-04 21:27:00.197481+03	\\x7b2271756575655f6e616d65223a2264656661756c74222c226163746f725f6e616d65223a22747265655f70726f6772657373222c2261726773223a5b345d2c226b7761726773223a7b7d2c226f7074696f6e73223a7b2272656469735f6d6573736167655f6964223a2235363536636264632d336139342d343337372d386262652d666563366137663134396430227d2c226d6573736167655f6964223a2265646332646532642d323036332d346565662d386231362d353333373638313039363461222c226d6573736167655f74696d657374616d70223a313732353435393938393836367d	tree_progress	default
17f3b452-9efb-4be6-a136-d99356d0d5a0	done	2024-09-04 21:27:00.063487+03	2024-09-04 21:28:14.226813+03	\\x7b2271756575655f6e616d65223a2264656661756c74222c226163746f725f6e616d65223a227365745f6576656e74222c2261726773223a5b342c325d2c226b7761726773223a7b7d2c226f7074696f6e73223a7b2272656469735f6d6573736167655f6964223a2263656138653933652d316536392d343833332d616430372d333765663331336238623230227d2c226d6573736167655f6964223a2231376633623435322d396566622d346265362d613133362d643939333536643064356130222c226d6573736167655f74696d657374616d70223a313732353436303032303035357d	set_event	default
02b44957-3a88-4d7c-82f4-4c32686696e2	done	2024-09-04 21:29:18.375095+03	2024-09-04 21:29:18.928064+03	\\x7b2271756575655f6e616d65223a2264656661756c74222c226163746f725f6e616d65223a22747265655f70726f6772657373222c2261726773223a5b345d2c226b7761726773223a7b7d2c226f7074696f6e73223a7b2272656469735f6d6573736167655f6964223a2262623463656264392d333764372d343935332d386336662d396534326635313535323738227d2c226d6573736167655f6964223a2230326234343935372d336138382d346437632d383266342d346333323638363639366532222c226d6573736167655f74696d657374616d70223a313732353436303135383336397d	tree_progress	default
9780724f-c6a0-43a4-a1b3-c34f0292d6f7	done	2024-09-04 21:29:18.819099+03	2024-09-04 21:30:26.372509+03	\\x7b2271756575655f6e616d65223a2264656661756c74222c226163746f725f6e616d65223a227365745f6576656e74222c2261726773223a5b342c325d2c226b7761726773223a7b7d2c226f7074696f6e73223a7b2272656469735f6d6573736167655f6964223a2233323963353739352d323661652d346330332d626632332d373163376535386539346332227d2c226d6573736167655f6964223a2239373830373234662d633661302d343361342d613162332d633334663032393264366637222c226d6573736167655f74696d657374616d70223a313732353436303135383831327d	set_event	default
c85e0442-433f-40ae-bb87-823ee28a240b	done	2024-09-04 21:35:36.62784+03	2024-09-04 21:37:07.103616+03	\\x7b2271756575655f6e616d65223a2264656661756c74222c226163746f725f6e616d65223a22747265655f70726f6772657373222c2261726773223a5b345d2c226b7761726773223a7b7d2c226f7074696f6e73223a7b2272656469735f6d6573736167655f6964223a2230363966613138662d393161362d343930642d613234362d636639386566346435633631227d2c226d6573736167655f6964223a2263383565303434322d343333662d343061652d626238372d383233656532386132343062222c226d6573736167655f74696d657374616d70223a313732353436303533363632317d	tree_progress	default
774178a1-9d48-490c-96a5-bf62cac718f2	done	2024-09-04 21:38:31.266715+03	2024-09-04 21:38:31.612387+03	\\x7b2271756575655f6e616d65223a2264656661756c74222c226163746f725f6e616d65223a22747265655f70726f6772657373222c2261726773223a5b345d2c226b7761726773223a7b7d2c226f7074696f6e73223a7b2272656469735f6d6573736167655f6964223a2262333931656335322d313236652d346637642d616230392d646134383235336563346639227d2c226d6573736167655f6964223a2237373431373861312d396434382d343930632d393661352d626636326361633731386632222c226d6573736167655f74696d657374616d70223a313732353436303731313236307d	tree_progress	default
b84483be-0e15-44fd-8240-ca6a46349ba6	done	2024-09-04 21:38:31.451712+03	2024-09-04 21:39:02.910979+03	\\x7b2271756575655f6e616d65223a2264656661756c74222c226163746f725f6e616d65223a227365745f6576656e74222c2261726773223a5b342c305d2c226b7761726773223a7b7d2c226f7074696f6e73223a7b2272656469735f6d6573736167655f6964223a2231613637363130312d663531372d343264382d613562312d343936386232343438633932227d2c226d6573736167655f6964223a2262383434383362652d306531352d343466642d383234302d636136613436333439626136222c226d6573736167655f74696d657374616d70223a313732353436303731313338387d	set_event	default
7eee96c2-0bae-4f17-abd6-2603c81ee44c	done	2024-09-23 06:20:08.301453+03	2024-09-23 06:21:38.482279+03	\\x7b2271756575655f6e616d65223a2264656661756c74222c226163746f725f6e616d65223a22747265655f70726f6772657373222c2261726773223a5b355d2c226b7761726773223a7b7d2c226f7074696f6e73223a7b2272656469735f6d6573736167655f6964223a2231333538646336302d393135312d343235652d626438322d623337343037326366323336227d2c226d6573736167655f6964223a2237656565393663322d306261652d346631372d616264362d323630336338316565343463222c226d6573736167655f74696d657374616d70223a313732373036313630383239347d	tree_progress	default
59d1ea4a-2289-4ea8-bebd-077348fffff7	done	2024-10-07 08:51:54.274219+03	2024-10-07 08:54:39.469132+03	\\x7b2271756575655f6e616d65223a2264656661756c74222c226163746f725f6e616d65223a227365745f6576656e74222c2261726773223a5b31332c315d2c226b7761726773223a7b7d2c226f7074696f6e73223a7b2272656469735f6d6573736167655f6964223a2231636535626637632d373431662d343462382d616338382d323737343432323365363735222c2274726163656261636b223a2254726163656261636b20286d6f737420726563656e742063616c6c206c617374293a5c6e202046696c65205c222f726f6f742f4164646974696f6e456475636174696f6e4170706c69636174696f6e2f6d795f76656e762f6c69622f707974686f6e332e382f736974652d7061636b616765732f646a616e676f2f64622f6261636b656e64732f626173652f626173652e70795c222c206c696e65203238392c20696e20656e737572655f636f6e6e656374696f6e5c6e2020202073656c662e636f6e6e65637428295c6e202046696c65205c222f726f6f742f4164646974696f6e456475636174696f6e4170706c69636174696f6e2f6d795f76656e762f6c69622f707974686f6e332e382f736974652d7061636b616765732f646a616e676f2f7574696c732f6173796e63696f2e70795c222c206c696e652032362c20696e20696e6e65725c6e2020202072657475726e2066756e63282a617267732c202a2a6b7761726773295c6e202046696c65205c222f726f6f742f4164646974696f6e456475636174696f6e4170706c69636174696f6e2f6d795f76656e762f6c69622f707974686f6e332e382f736974652d7061636b616765732f646a616e676f2f64622f6261636b656e64732f626173652f626173652e70795c222c206c696e65203237302c20696e20636f6e6e6563745c6e2020202073656c662e636f6e6e656374696f6e203d2073656c662e6765745f6e65775f636f6e6e656374696f6e28636f6e6e5f706172616d73295c6e202046696c65205c222f726f6f742f4164646974696f6e456475636174696f6e4170706c69636174696f6e2f6d795f76656e762f6c69622f707974686f6e332e382f736974652d7061636b616765732f646a616e676f2f7574696c732f6173796e63696f2e70795c222c206c696e652032362c20696e20696e6e65725c6e2020202072657475726e2066756e63282a617267732c202a2a6b7761726773295c6e202046696c65205c222f726f6f742f4164646974696f6e456475636174696f6e4170706c69636174696f6e2f6d795f76656e762f6c69622f707974686f6e332e382f736974652d7061636b616765732f646a616e676f2f64622f6261636b656e64732f706f737467726573716c2f626173652e70795c222c206c696e65203237352c20696e206765745f6e65775f636f6e6e656374696f6e5c6e20202020636f6e6e656374696f6e203d2073656c662e44617461626173652e636f6e6e656374282a2a636f6e6e5f706172616d73295c6e202046696c65205c222f726f6f742f4164646974696f6e456475636174696f6e4170706c69636174696f6e2f6d795f76656e762f6c69622f707974686f6e332e382f736974652d7061636b616765732f707379636f7067322f5f5f696e69745f5f2e70795c222c206c696e65203132322c20696e20636f6e6e6563745c6e20202020636f6e6e203d205f636f6e6e6563742864736e2c20636f6e6e656374696f6e5f666163746f72793d636f6e6e656374696f6e5f666163746f72792c202a2a6b776173796e63295c6e707379636f7067322e4f7065726174696f6e616c4572726f723a20464154414c3a202070617373776f72642061757468656e7469636174696f6e206661696c656420666f722075736572205c22706f7374677265735c225c6e464154414c3a202070617373776f72642061757468656e7469636174696f6e206661696c656420666f722075736572205c22706f7374677265735c225c6e5c6e5c6e5468652061626f766520657863657074696f6e207761732074686520646972656374206361757365206f662074686520666f6c6c6f77696e6720657863657074696f6e3a5c6e5c6e54726163656261636b20286d6f737420726563656e742063616c6c206c617374293a5c6e202046696c65205c222f726f6f742f4164646974696f6e456475636174696f6e4170706c69636174696f6e2f6d795f76656e762f6c69622f707974686f6e332e382f736974652d7061636b616765732f6472616d617469712f776f726b65722e70795c222c206c696e65203438372c20696e2070726f636573735f6d6573736167655c6e20202020726573203d206163746f72282a6d6573736167652e617267732c202a2a6d6573736167652e6b7761726773295c6e202046696c65205c222f726f6f742f4164646974696f6e456475636174696f6e4170706c69636174696f6e2f6d795f76656e762f6c69622f707974686f6e332e382f736974652d7061636b616765732f6472616d617469712f6163746f722e70795c222c206c696e65203138322c20696e205f5f63616c6c5f5f5c6e2020202072657475726e2073656c662e666e282a617267732c202a2a6b7761726773295c6e202046696c65205c222f726f6f742f4164646974696f6e456475636174696f6e4170706c69636174696f6e2f4164644564754170702f2e2f757365725f70726f66696c652f7461736b732e70795c222c206c696e652034342c20696e207365745f6576656e745c6e2020202073747564656e74203d2053747564656e7450726f66696c652e6f626a656374732e67657428706b3d73747564656e745f706b295c6e202046696c65205c222f726f6f742f4164646974696f6e456475636174696f6e4170706c69636174696f6e2f6d795f76656e762f6c69622f707974686f6e332e382f736974652d7061636b616765732f646a616e676f2f64622f6d6f64656c732f6d616e616765722e70795c222c206c696e652038372c20696e206d616e616765725f6d6574686f645c6e2020202072657475726e20676574617474722873656c662e6765745f717565727973657428292c206e616d6529282a617267732c202a2a6b7761726773295c6e202046696c65205c222f726f6f742f4164646974696f6e456475636174696f6e4170706c69636174696f6e2f6d795f76656e762f6c69622f707974686f6e332e382f736974652d7061636b616765732f646a616e676f2f64622f6d6f64656c732f71756572792e70795c222c206c696e65203633332c20696e206765745c6e202020206e756d203d206c656e28636c6f6e65295c6e202046696c65205c222f726f6f742f4164646974696f6e456475636174696f6e4170706c69636174696f6e2f6d795f76656e762f6c69622f707974686f6e332e382f736974652d7061636b616765732f646a616e676f2f64622f6d6f64656c732f71756572792e70795c222c206c696e65203338302c20696e205f5f6c656e5f5f5c6e2020202073656c662e5f66657463685f616c6c28295c6e202046696c65205c222f726f6f742f4164646974696f6e456475636174696f6e4170706c69636174696f6e2f6d795f76656e762f6c69622f707974686f6e332e382f736974652d7061636b616765732f646a616e676f2f64622f6d6f64656c732f71756572792e70795c222c206c696e6520313838312c20696e205f66657463685f616c6c5c6e2020202073656c662e5f726573756c745f6361636865203d206c6973742873656c662e5f6974657261626c655f636c6173732873656c6629295c6e202046696c65205c222f726f6f742f4164646974696f6e456475636174696f6e4170706c69636174696f6e2f6d795f76656e762f6c69622f707974686f6e332e382f736974652d7061636b616765732f646a616e676f2f64622f6d6f64656c732f71756572792e70795c222c206c696e652039312c20696e205f5f697465725f5f5c6e20202020726573756c7473203d20636f6d70696c65722e657865637574655f73716c285c6e202046696c65205c222f726f6f742f4164646974696f6e456475636174696f6e4170706c69636174696f6e2f6d795f76656e762f6c69622f707974686f6e332e382f736974652d7061636b616765732f646a616e676f2f64622f6d6f64656c732f73716c2f636f6d70696c65722e70795c222c206c696e6520313536302c20696e20657865637574655f73716c5c6e20202020637572736f72203d2073656c662e636f6e6e656374696f6e2e637572736f7228295c6e202046696c65205c222f726f6f742f4164646974696f6e456475636174696f6e4170706c69636174696f6e2f6d795f76656e762f6c69622f707974686f6e332e382f736974652d7061636b616765732f646a616e676f2f7574696c732f6173796e63696f2e70795c222c206c696e652032362c20696e20696e6e65725c6e2020202072657475726e2066756e63282a617267732c202a2a6b7761726773295c6e202046696c65205c222f726f6f742f4164646974696f6e456475636174696f6e4170706c69636174696f6e2f6d795f76656e762f6c69622f707974686f6e332e382f736974652d7061636b616765732f646a616e676f2f64622f6261636b656e64732f626173652f626173652e70795c222c206c696e65203333302c20696e20637572736f725c6e2020202072657475726e2073656c662e5f637572736f7228295c6e202046696c65205c222f726f6f742f4164646974696f6e456475636174696f6e4170706c69636174696f6e2f6d795f76656e762f6c69622f707974686f6e332e382f736974652d7061636b616765732f646a616e676f2f64622f6261636b656e64732f626173652f626173652e70795c222c206c696e65203330362c20696e205f637572736f725c6e2020202073656c662e656e737572655f636f6e6e656374696f6e28295c6e202046696c65205c222f726f6f742f4164646974696f6e456475636174696f6e4170706c69636174696f6e2f6d795f76656e762f6c69622f707974686f6e332e382f736974652d7061636b616765732f646a616e676f2f7574696c732f6173796e63696f2e70795c222c206c696e652032362c20696e20696e6e65725c6e2020202072657475726e2066756e63282a617267732c202a2a6b7761726773295c6e202046696c65205c222f726f6f742f4164646974696f6e456475636174696f6e4170706c69636174696f6e2f6d795f76656e762f6c69622f707974686f6e332e382f736974652d7061636b616765732f646a616e676f2f64622f6261636b656e64732f626173652f626173652e70795c222c206c696e65203238392c20696e20656e737572655f636f6e6e656374696f6e5c6e2020202073656c662e636f6e6e65637428295c6e202046696c65205c222f726f6f742f4164646974696f6e456475636174696f6e4170706c69636174696f6e2f6d795f76656e762f6c69622f707974686f6e332e382f736974652d7061636b616765732f646a616e676f2f64622f7574696c732e70795c222c206c696e652039312c20696e205f5f657869745f5f5c6e20202020726169736520646a5f6578635f76616c75652e776974685f74726163656261636b2874726163656261636b292066726f6d206578635f76616c75655c6e202046696c65205c222f726f6f742f4164646974696f6e456475636174696f6e4170706c69636174696f6e2f6d795f76656e762f6c69622f707974686f6e332e382f736974652d7061636b616765732f646a616e676f2f64622f6261636b656e64732f626173652f626173652e70795c222c206c696e65203238392c20696e20656e737572655f636f6e6e656374696f6e5c6e2020202073656c662e636f6e6e65637428295c6e202046696c65205c222f726f6f742f4164646974696f6e456475636174696f6e4170706c69636174696f6e2f6d795f76656e762f6c69622f707974686f6e332e382f736974652d7061636b616765732f646a616e676f2f7574696c732f6173796e63696f2e70795c222c206c696e652032362c20696e20696e6e65725c6e2020202072657475726e2066756e63282a617267732c202a2a6b7761726773295c6e202046696c65205c222f726f6f742f4164646974696f6e456475636174696f6e4170706c69636174696f6e2f6d795f76656e762f6c69622f707974686f6e332e382f736974652d7061636b616765732f646a616e676f2f64622f6261636b656e64732f626173652f626173652e70795c222c206c696e65203237302c20696e20636f6e6e6563745c6e2020202073656c662e636f6e6e656374696f6e203d2073656c662e6765745f6e65775f636f6e6e656374696f6e28636f6e6e5f706172616d73295c6e202046696c65205c222f726f6f742f4164646974696f6e456475636174696f6e4170706c69636174696f6e2f6d795f76656e762f6c69622f707974686f6e332e382f736974652d7061636b616765732f646a616e676f2f7574696c732f6173796e63696f2e70795c222c206c696e652032362c20696e20696e6e65725c6e2020202072657475726e2066756e63282a617267732c202a2a6b7761726773295c6e202046696c65205c222f726f6f742f4164646974696f6e456475636174696f6e4170706c69636174696f6e2f6d795f76656e762f6c69622f707974686f6e332e382f736974652d7061636b616765732f646a616e676f2f64622f6261636b656e64732f706f737467726573716c2f626173652e70795c222c206c696e65203237352c20696e206765745f6e65775f636f6e6e656374696f6e5c6e20202020636f6e6e656374696f6e203d2073656c662e44617461626173652e636f6e6e656374282a2a636f6e6e5f706172616d73295c6e202046696c65205c222f726f6f742f4164646974696f6e456475636174696f6e4170706c69636174696f6e2f6d795f76656e762f6c69622f707974686f6e332e382f736974652d7061636b616765732f707379636f7067322f5f5f696e69745f5f2e70795c222c206c696e65203132322c20696e20636f6e6e6563745c6e20202020636f6e6e203d205f636f6e6e6563742864736e2c20636f6e6e656374696f6e5f666163746f72793d636f6e6e656374696f6e5f666163746f72792c202a2a6b776173796e63295c6e646a616e676f2e64622e7574696c732e4f7065726174696f6e616c4572726f723a20464154414c3a202070617373776f72642061757468656e7469636174696f6e206661696c656420666f722075736572205c22706f7374677265735c225c6e464154414c3a202070617373776f72642061757468656e7469636174696f6e206661696c656420666f722075736572205c22706f7374677265735c225c6e5c6e222c2272657472696573223a337d2c226d6573736167655f6964223a2235396431656134612d323238392d346561382d626562642d303737333438666666666637222c226d6573736167655f74696d657374616d70223a313732383238303331343237307d	set_event	default
8503e9f5-ac14-407b-beb9-3d2763b17813	done	2024-09-23 06:21:38.464871+03	2024-09-23 06:23:01.66903+03	\\x7b2271756575655f6e616d65223a2264656661756c74222c226163746f725f6e616d65223a227365745f6576656e74222c2261726773223a5b352c315d2c226b7761726773223a7b7d2c226f7074696f6e73223a7b2272656469735f6d6573736167655f6964223a2239313934383031352d386264662d346232662d393031332d326161353363306461336132227d2c226d6573736167655f6964223a2238353033653966352d616331342d343037622d626562392d336432373633623137383133222c226d6573736167655f74696d657374616d70223a313732373036313639383435397d	set_event	default
f3135a74-88ca-488f-b59d-572afdc25439	done	2024-09-30 10:42:43.100483+03	2024-09-30 10:44:13.337519+03	\\x7b2271756575655f6e616d65223a2264656661756c74222c226163746f725f6e616d65223a22747265655f70726f6772657373222c2261726773223a5b365d2c226b7761726773223a7b7d2c226f7074696f6e73223a7b2272656469735f6d6573736167655f6964223a2234643437333666612d303633322d346339392d613863382d363634336130336236626639227d2c226d6573736167655f6964223a2266333133356137342d383863612d343838662d623539642d353732616664633235343339222c226d6573736167655f74696d657374616d70223a313732373638323136333039327d	tree_progress	default
64cab97b-8ed1-42d4-9a8c-5cbc7beb5e79	done	2024-09-30 10:44:13.326456+03	2024-09-30 10:45:11.702459+03	\\x7b2271756575655f6e616d65223a2264656661756c74222c226163746f725f6e616d65223a227365745f6576656e74222c2261726773223a5b362c315d2c226b7761726773223a7b7d2c226f7074696f6e73223a7b2272656469735f6d6573736167655f6964223a2230383565383733332d363535652d346233392d613461352d346466643836383531363762227d2c226d6573736167655f6964223a2236346361623937622d386564312d343264342d396138632d356362633762656235653739222c226d6573736167655f74696d657374616d70223a313732373638323235333332327d	set_event	default
3311d148-bcbc-4d23-9433-a93c038fce33	done	2024-09-30 19:42:19.776701+03	2024-09-30 19:43:49.909666+03	\\x7b2271756575655f6e616d65223a2264656661756c74222c226163746f725f6e616d65223a22747265655f70726f6772657373222c2261726773223a5b385d2c226b7761726773223a7b7d2c226f7074696f6e73223a7b2272656469735f6d6573736167655f6964223a2263643733366163302d353533642d346665362d393231382d656330386139306533643939227d2c226d6573736167655f6964223a2233333131643134382d626362632d346432332d393433332d613933633033386663653333222c226d6573736167655f74696d657374616d70223a313732373731343533393736337d	tree_progress	default
dfa33328-92f1-49ea-9c9f-e9ffc5403767	done	2024-09-30 19:43:49.897353+03	2024-09-30 19:46:19.767659+03	\\x7b2271756575655f6e616d65223a2264656661756c74222c226163746f725f6e616d65223a227365745f6576656e74222c2261726773223a5b382c305d2c226b7761726773223a7b7d2c226f7074696f6e73223a7b2272656469735f6d6573736167655f6964223a2231653331343635392d633165382d343238382d396635322d366262366161373136353361222c2274726163656261636b223a2254726163656261636b20286d6f737420726563656e742063616c6c206c617374293a5c6e202046696c65205c222f726f6f742f4164646974696f6e456475636174696f6e4170706c69636174696f6e2f6d795f76656e762f6c69622f707974686f6e332e382f736974652d7061636b616765732f646a616e676f2f64622f6261636b656e64732f626173652f626173652e70795c222c206c696e65203238392c20696e20656e737572655f636f6e6e656374696f6e5c6e2020202073656c662e636f6e6e65637428295c6e202046696c65205c222f726f6f742f4164646974696f6e456475636174696f6e4170706c69636174696f6e2f6d795f76656e762f6c69622f707974686f6e332e382f736974652d7061636b616765732f646a616e676f2f7574696c732f6173796e63696f2e70795c222c206c696e652032362c20696e20696e6e65725c6e2020202072657475726e2066756e63282a617267732c202a2a6b7761726773295c6e202046696c65205c222f726f6f742f4164646974696f6e456475636174696f6e4170706c69636174696f6e2f6d795f76656e762f6c69622f707974686f6e332e382f736974652d7061636b616765732f646a616e676f2f64622f6261636b656e64732f626173652f626173652e70795c222c206c696e65203237302c20696e20636f6e6e6563745c6e2020202073656c662e636f6e6e656374696f6e203d2073656c662e6765745f6e65775f636f6e6e656374696f6e28636f6e6e5f706172616d73295c6e202046696c65205c222f726f6f742f4164646974696f6e456475636174696f6e4170706c69636174696f6e2f6d795f76656e762f6c69622f707974686f6e332e382f736974652d7061636b616765732f646a616e676f2f7574696c732f6173796e63696f2e70795c222c206c696e652032362c20696e20696e6e65725c6e2020202072657475726e2066756e63282a617267732c202a2a6b7761726773295c6e202046696c65205c222f726f6f742f4164646974696f6e456475636174696f6e4170706c69636174696f6e2f6d795f76656e762f6c69622f707974686f6e332e382f736974652d7061636b616765732f646a616e676f2f64622f6261636b656e64732f706f737467726573716c2f626173652e70795c222c206c696e65203237352c20696e206765745f6e65775f636f6e6e656374696f6e5c6e20202020636f6e6e656374696f6e203d2073656c662e44617461626173652e636f6e6e656374282a2a636f6e6e5f706172616d73295c6e202046696c65205c222f726f6f742f4164646974696f6e456475636174696f6e4170706c69636174696f6e2f6d795f76656e762f6c69622f707974686f6e332e382f736974652d7061636b616765732f707379636f7067322f5f5f696e69745f5f2e70795c222c206c696e65203132322c20696e20636f6e6e6563745c6e20202020636f6e6e203d205f636f6e6e6563742864736e2c20636f6e6e656374696f6e5f666163746f72793d636f6e6e656374696f6e5f666163746f72792c202a2a6b776173796e63295c6e707379636f7067322e4f7065726174696f6e616c4572726f723a20464154414c3a202070617373776f72642061757468656e7469636174696f6e206661696c656420666f722075736572205c22706f7374677265735c225c6e464154414c3a202070617373776f72642061757468656e7469636174696f6e206661696c656420666f722075736572205c22706f7374677265735c225c6e5c6e5c6e5468652061626f766520657863657074696f6e207761732074686520646972656374206361757365206f662074686520666f6c6c6f77696e6720657863657074696f6e3a5c6e5c6e54726163656261636b20286d6f737420726563656e742063616c6c206c617374293a5c6e202046696c65205c222f726f6f742f4164646974696f6e456475636174696f6e4170706c69636174696f6e2f6d795f76656e762f6c69622f707974686f6e332e382f736974652d7061636b616765732f6472616d617469712f776f726b65722e70795c222c206c696e65203438372c20696e2070726f636573735f6d6573736167655c6e20202020726573203d206163746f72282a6d6573736167652e617267732c202a2a6d6573736167652e6b7761726773295c6e202046696c65205c222f726f6f742f4164646974696f6e456475636174696f6e4170706c69636174696f6e2f6d795f76656e762f6c69622f707974686f6e332e382f736974652d7061636b616765732f6472616d617469712f6163746f722e70795c222c206c696e65203138322c20696e205f5f63616c6c5f5f5c6e2020202072657475726e2073656c662e666e282a617267732c202a2a6b7761726773295c6e202046696c65205c222f726f6f742f4164646974696f6e456475636174696f6e4170706c69636174696f6e2f4164644564754170702f2e2f757365725f70726f66696c652f7461736b732e70795c222c206c696e652034342c20696e207365745f6576656e745c6e2020202073747564656e74203d2053747564656e7450726f66696c652e6f626a656374732e67657428706b3d73747564656e745f706b295c6e202046696c65205c222f726f6f742f4164646974696f6e456475636174696f6e4170706c69636174696f6e2f6d795f76656e762f6c69622f707974686f6e332e382f736974652d7061636b616765732f646a616e676f2f64622f6d6f64656c732f6d616e616765722e70795c222c206c696e652038372c20696e206d616e616765725f6d6574686f645c6e2020202072657475726e20676574617474722873656c662e6765745f717565727973657428292c206e616d6529282a617267732c202a2a6b7761726773295c6e202046696c65205c222f726f6f742f4164646974696f6e456475636174696f6e4170706c69636174696f6e2f6d795f76656e762f6c69622f707974686f6e332e382f736974652d7061636b616765732f646a616e676f2f64622f6d6f64656c732f71756572792e70795c222c206c696e65203633332c20696e206765745c6e202020206e756d203d206c656e28636c6f6e65295c6e202046696c65205c222f726f6f742f4164646974696f6e456475636174696f6e4170706c69636174696f6e2f6d795f76656e762f6c69622f707974686f6e332e382f736974652d7061636b616765732f646a616e676f2f64622f6d6f64656c732f71756572792e70795c222c206c696e65203338302c20696e205f5f6c656e5f5f5c6e2020202073656c662e5f66657463685f616c6c28295c6e202046696c65205c222f726f6f742f4164646974696f6e456475636174696f6e4170706c69636174696f6e2f6d795f76656e762f6c69622f707974686f6e332e382f736974652d7061636b616765732f646a616e676f2f64622f6d6f64656c732f71756572792e70795c222c206c696e6520313838312c20696e205f66657463685f616c6c5c6e2020202073656c662e5f726573756c745f6361636865203d206c6973742873656c662e5f6974657261626c655f636c6173732873656c6629295c6e202046696c65205c222f726f6f742f4164646974696f6e456475636174696f6e4170706c69636174696f6e2f6d795f76656e762f6c69622f707974686f6e332e382f736974652d7061636b616765732f646a616e676f2f64622f6d6f64656c732f71756572792e70795c222c206c696e652039312c20696e205f5f697465725f5f5c6e20202020726573756c7473203d20636f6d70696c65722e657865637574655f73716c285c6e202046696c65205c222f726f6f742f4164646974696f6e456475636174696f6e4170706c69636174696f6e2f6d795f76656e762f6c69622f707974686f6e332e382f736974652d7061636b616765732f646a616e676f2f64622f6d6f64656c732f73716c2f636f6d70696c65722e70795c222c206c696e6520313536302c20696e20657865637574655f73716c5c6e20202020637572736f72203d2073656c662e636f6e6e656374696f6e2e637572736f7228295c6e202046696c65205c222f726f6f742f4164646974696f6e456475636174696f6e4170706c69636174696f6e2f6d795f76656e762f6c69622f707974686f6e332e382f736974652d7061636b616765732f646a616e676f2f7574696c732f6173796e63696f2e70795c222c206c696e652032362c20696e20696e6e65725c6e2020202072657475726e2066756e63282a617267732c202a2a6b7761726773295c6e202046696c65205c222f726f6f742f4164646974696f6e456475636174696f6e4170706c69636174696f6e2f6d795f76656e762f6c69622f707974686f6e332e382f736974652d7061636b616765732f646a616e676f2f64622f6261636b656e64732f626173652f626173652e70795c222c206c696e65203333302c20696e20637572736f725c6e2020202072657475726e2073656c662e5f637572736f7228295c6e202046696c65205c222f726f6f742f4164646974696f6e456475636174696f6e4170706c69636174696f6e2f6d795f76656e762f6c69622f707974686f6e332e382f736974652d7061636b616765732f646a616e676f2f64622f6261636b656e64732f626173652f626173652e70795c222c206c696e65203330362c20696e205f637572736f725c6e2020202073656c662e656e737572655f636f6e6e656374696f6e28295c6e202046696c65205c222f726f6f742f4164646974696f6e456475636174696f6e4170706c69636174696f6e2f6d795f76656e762f6c69622f707974686f6e332e382f736974652d7061636b616765732f646a616e676f2f7574696c732f6173796e63696f2e70795c222c206c696e652032362c20696e20696e6e65725c6e2020202072657475726e2066756e63282a617267732c202a2a6b7761726773295c6e202046696c65205c222f726f6f742f4164646974696f6e456475636174696f6e4170706c69636174696f6e2f6d795f76656e762f6c69622f707974686f6e332e382f736974652d7061636b616765732f646a616e676f2f64622f6261636b656e64732f626173652f626173652e70795c222c206c696e65203238392c20696e20656e737572655f636f6e6e656374696f6e5c6e2020202073656c662e636f6e6e65637428295c6e202046696c65205c222f726f6f742f4164646974696f6e456475636174696f6e4170706c69636174696f6e2f6d795f76656e762f6c69622f707974686f6e332e382f736974652d7061636b616765732f646a616e676f2f64622f7574696c732e70795c222c206c696e652039312c20696e205f5f657869745f5f5c6e20202020726169736520646a5f6578635f76616c75652e776974685f74726163656261636b2874726163656261636b292066726f6d206578635f76616c75655c6e202046696c65205c222f726f6f742f4164646974696f6e456475636174696f6e4170706c69636174696f6e2f6d795f76656e762f6c69622f707974686f6e332e382f736974652d7061636b616765732f646a616e676f2f64622f6261636b656e64732f626173652f626173652e70795c222c206c696e65203238392c20696e20656e737572655f636f6e6e656374696f6e5c6e2020202073656c662e636f6e6e65637428295c6e202046696c65205c222f726f6f742f4164646974696f6e456475636174696f6e4170706c69636174696f6e2f6d795f76656e762f6c69622f707974686f6e332e382f736974652d7061636b616765732f646a616e676f2f7574696c732f6173796e63696f2e70795c222c206c696e652032362c20696e20696e6e65725c6e2020202072657475726e2066756e63282a617267732c202a2a6b7761726773295c6e202046696c65205c222f726f6f742f4164646974696f6e456475636174696f6e4170706c69636174696f6e2f6d795f76656e762f6c69622f707974686f6e332e382f736974652d7061636b616765732f646a616e676f2f64622f6261636b656e64732f626173652f626173652e70795c222c206c696e65203237302c20696e20636f6e6e6563745c6e2020202073656c662e636f6e6e656374696f6e203d2073656c662e6765745f6e65775f636f6e6e656374696f6e28636f6e6e5f706172616d73295c6e202046696c65205c222f726f6f742f4164646974696f6e456475636174696f6e4170706c69636174696f6e2f6d795f76656e762f6c69622f707974686f6e332e382f736974652d7061636b616765732f646a616e676f2f7574696c732f6173796e63696f2e70795c222c206c696e652032362c20696e20696e6e65725c6e2020202072657475726e2066756e63282a617267732c202a2a6b7761726773295c6e202046696c65205c222f726f6f742f4164646974696f6e456475636174696f6e4170706c69636174696f6e2f6d795f76656e762f6c69622f707974686f6e332e382f736974652d7061636b616765732f646a616e676f2f64622f6261636b656e64732f706f737467726573716c2f626173652e70795c222c206c696e65203237352c20696e206765745f6e65775f636f6e6e656374696f6e5c6e20202020636f6e6e656374696f6e203d2073656c662e44617461626173652e636f6e6e656374282a2a636f6e6e5f706172616d73295c6e202046696c65205c222f726f6f742f4164646974696f6e456475636174696f6e4170706c69636174696f6e2f6d795f76656e762f6c69622f707974686f6e332e382f736974652d7061636b616765732f707379636f7067322f5f5f696e69745f5f2e70795c222c206c696e65203132322c20696e20636f6e6e6563745c6e20202020636f6e6e203d205f636f6e6e6563742864736e2c20636f6e6e656374696f6e5f666163746f72793d636f6e6e656374696f6e5f666163746f72792c202a2a6b776173796e63295c6e646a616e676f2e64622e7574696c732e4f7065726174696f6e616c4572726f723a20464154414c3a202070617373776f72642061757468656e7469636174696f6e206661696c656420666f722075736572205c22706f7374677265735c225c6e464154414c3a202070617373776f72642061757468656e7469636174696f6e206661696c656420666f722075736572205c22706f7374677265735c225c6e5c6e222c2272657472696573223a337d2c226d6573736167655f6964223a2264666133333332382d393266312d343965612d396339662d653966666335343033373637222c226d6573736167655f74696d657374616d70223a313732373731343632393839337d	set_event	default
d7dd4905-6d2d-4f04-81ae-55127673c5a3	done	2024-09-30 19:53:10.413608+03	2024-09-30 19:54:41.082111+03	\\x7b2271756575655f6e616d65223a2264656661756c74222c226163746f725f6e616d65223a22747265655f70726f6772657373222c2261726773223a5b385d2c226b7761726773223a7b7d2c226f7074696f6e73223a7b2272656469735f6d6573736167655f6964223a2230376262643230312d313965332d346362372d613461652d666335333033333033306534227d2c226d6573736167655f6964223a2264376464343930352d366432642d346630342d383161652d353531323736373363356133222c226d6573736167655f74696d657374616d70223a313732373731353139303430377d	tree_progress	default
b862ffa1-e437-4742-b465-0cdf6fc2c72a	done	2024-09-30 19:54:41.063635+03	2024-09-30 19:55:14.399041+03	\\x7b2271756575655f6e616d65223a2264656661756c74222c226163746f725f6e616d65223a227365745f6576656e74222c2261726773223a5b382c325d2c226b7761726773223a7b7d2c226f7074696f6e73223a7b2272656469735f6d6573736167655f6964223a2261643739363033322d623831632d343564342d386139392d313439306635646661616462227d2c226d6573736167655f6964223a2262383632666661312d653433372d343734322d623436352d306364663666633263373261222c226d6573736167655f74696d657374616d70223a313732373731353238313035397d	set_event	default
8558fe02-3cb1-4a58-be70-93d489e8a3fc	done	2024-09-30 20:12:59.938884+03	2024-09-30 20:14:44.379284+03	\\x7b2271756575655f6e616d65223a2264656661756c74222c226163746f725f6e616d65223a22747265655f70726f6772657373222c2261726773223a5b385d2c226b7761726773223a7b7d2c226f7074696f6e73223a7b2272656469735f6d6573736167655f6964223a2238373432356165312d636661662d343465642d613232372d643063646232373562363265222c2274726163656261636b223a2254726163656261636b20286d6f737420726563656e742063616c6c206c617374293a5c6e202046696c65205c222f726f6f742f4164646974696f6e456475636174696f6e4170706c69636174696f6e2f6d795f76656e762f6c69622f707974686f6e332e382f736974652d7061636b616765732f646a616e676f2f64622f6261636b656e64732f626173652f626173652e70795c222c206c696e65203238392c20696e20656e737572655f636f6e6e656374696f6e5c6e2020202073656c662e636f6e6e65637428295c6e202046696c65205c222f726f6f742f4164646974696f6e456475636174696f6e4170706c69636174696f6e2f6d795f76656e762f6c69622f707974686f6e332e382f736974652d7061636b616765732f646a616e676f2f7574696c732f6173796e63696f2e70795c222c206c696e652032362c20696e20696e6e65725c6e2020202072657475726e2066756e63282a617267732c202a2a6b7761726773295c6e202046696c65205c222f726f6f742f4164646974696f6e456475636174696f6e4170706c69636174696f6e2f6d795f76656e762f6c69622f707974686f6e332e382f736974652d7061636b616765732f646a616e676f2f64622f6261636b656e64732f626173652f626173652e70795c222c206c696e65203237302c20696e20636f6e6e6563745c6e2020202073656c662e636f6e6e656374696f6e203d2073656c662e6765745f6e65775f636f6e6e656374696f6e28636f6e6e5f706172616d73295c6e202046696c65205c222f726f6f742f4164646974696f6e456475636174696f6e4170706c69636174696f6e2f6d795f76656e762f6c69622f707974686f6e332e382f736974652d7061636b616765732f646a616e676f2f7574696c732f6173796e63696f2e70795c222c206c696e652032362c20696e20696e6e65725c6e2020202072657475726e2066756e63282a617267732c202a2a6b7761726773295c6e202046696c65205c222f726f6f742f4164646974696f6e456475636174696f6e4170706c69636174696f6e2f6d795f76656e762f6c69622f707974686f6e332e382f736974652d7061636b616765732f646a616e676f2f64622f6261636b656e64732f706f737467726573716c2f626173652e70795c222c206c696e65203237352c20696e206765745f6e65775f636f6e6e656374696f6e5c6e20202020636f6e6e656374696f6e203d2073656c662e44617461626173652e636f6e6e656374282a2a636f6e6e5f706172616d73295c6e202046696c65205c222f726f6f742f4164646974696f6e456475636174696f6e4170706c69636174696f6e2f6d795f76656e762f6c69622f707974686f6e332e382f736974652d7061636b616765732f707379636f7067322f5f5f696e69745f5f2e70795c222c206c696e65203132322c20696e20636f6e6e6563745c6e20202020636f6e6e203d205f636f6e6e6563742864736e2c20636f6e6e656374696f6e5f666163746f72793d636f6e6e656374696f6e5f666163746f72792c202a2a6b776173796e63295c6e707379636f7067322e4f7065726174696f6e616c4572726f723a20464154414c3a202070617373776f72642061757468656e7469636174696f6e206661696c656420666f722075736572205c22706f7374677265735c225c6e464154414c3a202070617373776f72642061757468656e7469636174696f6e206661696c656420666f722075736572205c22706f7374677265735c225c6e5c6e5c6e5468652061626f766520657863657074696f6e207761732074686520646972656374206361757365206f662074686520666f6c6c6f77696e6720657863657074696f6e3a5c6e5c6e54726163656261636b20286d6f737420726563656e742063616c6c206c617374293a5c6e202046696c65205c222f726f6f742f4164646974696f6e456475636174696f6e4170706c69636174696f6e2f6d795f76656e762f6c69622f707974686f6e332e382f736974652d7061636b616765732f6472616d617469712f776f726b65722e70795c222c206c696e65203438372c20696e2070726f636573735f6d6573736167655c6e20202020726573203d206163746f72282a6d6573736167652e617267732c202a2a6d6573736167652e6b7761726773295c6e202046696c65205c222f726f6f742f4164646974696f6e456475636174696f6e4170706c69636174696f6e2f6d795f76656e762f6c69622f707974686f6e332e382f736974652d7061636b616765732f6472616d617469712f6163746f722e70795c222c206c696e65203138322c20696e205f5f63616c6c5f5f5c6e2020202072657475726e2073656c662e666e282a617267732c202a2a6b7761726773295c6e202046696c65205c222f726f6f742f4164646974696f6e456475636174696f6e4170706c69636174696f6e2f4164644564754170702f2e2f757365725f70726f66696c652f7461736b732e70795c222c206c696e652032312c20696e20747265655f70726f67726573735c6e2020202073747564656e74203d2053747564656e7450726f66696c652e6f626a656374732e67657428706b3d73747564656e745f706b295c6e202046696c65205c222f726f6f742f4164646974696f6e456475636174696f6e4170706c69636174696f6e2f6d795f76656e762f6c69622f707974686f6e332e382f736974652d7061636b616765732f646a616e676f2f64622f6d6f64656c732f6d616e616765722e70795c222c206c696e652038372c20696e206d616e616765725f6d6574686f645c6e2020202072657475726e20676574617474722873656c662e6765745f717565727973657428292c206e616d6529282a617267732c202a2a6b7761726773295c6e202046696c65205c222f726f6f742f4164646974696f6e456475636174696f6e4170706c69636174696f6e2f6d795f76656e762f6c69622f707974686f6e332e382f736974652d7061636b616765732f646a616e676f2f64622f6d6f64656c732f71756572792e70795c222c206c696e65203633332c20696e206765745c6e202020206e756d203d206c656e28636c6f6e65295c6e202046696c65205c222f726f6f742f4164646974696f6e456475636174696f6e4170706c69636174696f6e2f6d795f76656e762f6c69622f707974686f6e332e382f736974652d7061636b616765732f646a616e676f2f64622f6d6f64656c732f71756572792e70795c222c206c696e65203338302c20696e205f5f6c656e5f5f5c6e2020202073656c662e5f66657463685f616c6c28295c6e202046696c65205c222f726f6f742f4164646974696f6e456475636174696f6e4170706c69636174696f6e2f6d795f76656e762f6c69622f707974686f6e332e382f736974652d7061636b616765732f646a616e676f2f64622f6d6f64656c732f71756572792e70795c222c206c696e6520313838312c20696e205f66657463685f616c6c5c6e2020202073656c662e5f726573756c745f6361636865203d206c6973742873656c662e5f6974657261626c655f636c6173732873656c6629295c6e202046696c65205c222f726f6f742f4164646974696f6e456475636174696f6e4170706c69636174696f6e2f6d795f76656e762f6c69622f707974686f6e332e382f736974652d7061636b616765732f646a616e676f2f64622f6d6f64656c732f71756572792e70795c222c206c696e652039312c20696e205f5f697465725f5f5c6e20202020726573756c7473203d20636f6d70696c65722e657865637574655f73716c285c6e202046696c65205c222f726f6f742f4164646974696f6e456475636174696f6e4170706c69636174696f6e2f6d795f76656e762f6c69622f707974686f6e332e382f736974652d7061636b616765732f646a616e676f2f64622f6d6f64656c732f73716c2f636f6d70696c65722e70795c222c206c696e6520313536302c20696e20657865637574655f73716c5c6e20202020637572736f72203d2073656c662e636f6e6e656374696f6e2e637572736f7228295c6e202046696c65205c222f726f6f742f4164646974696f6e456475636174696f6e4170706c69636174696f6e2f6d795f76656e762f6c69622f707974686f6e332e382f736974652d7061636b616765732f646a616e676f2f7574696c732f6173796e63696f2e70795c222c206c696e652032362c20696e20696e6e65725c6e2020202072657475726e2066756e63282a617267732c202a2a6b7761726773295c6e202046696c65205c222f726f6f742f4164646974696f6e456475636174696f6e4170706c69636174696f6e2f6d795f76656e762f6c69622f707974686f6e332e382f736974652d7061636b616765732f646a616e676f2f64622f6261636b656e64732f626173652f626173652e70795c222c206c696e65203333302c20696e20637572736f725c6e2020202072657475726e2073656c662e5f637572736f7228295c6e202046696c65205c222f726f6f742f4164646974696f6e456475636174696f6e4170706c69636174696f6e2f6d795f76656e762f6c69622f707974686f6e332e382f736974652d7061636b616765732f646a616e676f2f64622f6261636b656e64732f626173652f626173652e70795c222c206c696e65203330362c20696e205f637572736f725c6e2020202073656c662e656e737572655f636f6e6e656374696f6e28295c6e202046696c65205c222f726f6f742f4164646974696f6e456475636174696f6e4170706c69636174696f6e2f6d795f76656e762f6c69622f707974686f6e332e382f736974652d7061636b616765732f646a616e676f2f7574696c732f6173796e63696f2e70795c222c206c696e652032362c20696e20696e6e65725c6e2020202072657475726e2066756e63282a617267732c202a2a6b7761726773295c6e202046696c65205c222f726f6f742f4164646974696f6e456475636174696f6e4170706c69636174696f6e2f6d795f76656e762f6c69622f707974686f6e332e382f736974652d7061636b616765732f646a616e676f2f64622f6261636b656e64732f626173652f626173652e70795c222c206c696e65203238392c20696e20656e737572655f636f6e6e656374696f6e5c6e2020202073656c662e636f6e6e65637428295c6e202046696c65205c222f726f6f742f4164646974696f6e456475636174696f6e4170706c69636174696f6e2f6d795f76656e762f6c69622f707974686f6e332e382f736974652d7061636b616765732f646a616e676f2f64622f7574696c732e70795c222c206c696e652039312c20696e205f5f657869745f5f5c6e20202020726169736520646a5f6578635f76616c75652e776974685f74726163656261636b2874726163656261636b292066726f6d206578635f76616c75655c6e202046696c65205c222f726f6f742f4164646974696f6e456475636174696f6e4170706c69636174696f6e2f6d795f76656e762f6c69622f707974686f6e332e382f736974652d7061636b616765732f646a616e676f2f64622f6261636b656e64732f626173652f626173652e70795c222c206c696e65203238392c20696e20656e737572655f636f6e6e656374696f6e5c6e2020202073656c662e636f6e6e65637428295c6e202046696c65205c222f726f6f742f4164646974696f6e456475636174696f6e4170706c69636174696f6e2f6d795f76656e762f6c69622f707974686f6e332e382f736974652d7061636b616765732f646a616e676f2f7574696c732f6173796e63696f2e70795c222c206c696e652032362c20696e20696e6e65725c6e2020202072657475726e2066756e63282a617267732c202a2a6b7761726773295c6e202046696c65205c222f726f6f742f4164646974696f6e456475636174696f6e4170706c69636174696f6e2f6d795f76656e762f6c69622f707974686f6e332e382f736974652d7061636b616765732f646a616e676f2f64622f6261636b656e64732f626173652f626173652e70795c222c206c696e65203237302c20696e20636f6e6e6563745c6e2020202073656c662e636f6e6e656374696f6e203d2073656c662e6765745f6e65775f636f6e6e656374696f6e28636f6e6e5f706172616d73295c6e202046696c65205c222f726f6f742f4164646974696f6e456475636174696f6e4170706c69636174696f6e2f6d795f76656e762f6c69622f707974686f6e332e382f736974652d7061636b616765732f646a616e676f2f7574696c732f6173796e63696f2e70795c222c206c696e652032362c20696e20696e6e65725c6e2020202072657475726e2066756e63282a617267732c202a2a6b7761726773295c6e202046696c65205c222f726f6f742f4164646974696f6e456475636174696f6e4170706c69636174696f6e2f6d795f76656e762f6c69622f707974686f6e332e382f736974652d7061636b616765732f646a616e676f2f64622f6261636b656e64732f706f737467726573716c2f626173652e70795c222c206c696e65203237352c20696e206765745f6e65775f636f6e6e656374696f6e5c6e20202020636f6e6e656374696f6e203d2073656c662e44617461626173652e636f6e6e656374282a2a636f6e6e5f706172616d73295c6e202046696c65205c222f726f6f742f4164646974696f6e456475636174696f6e4170706c69636174696f6e2f6d795f76656e762f6c69622f707974686f6e332e382f736974652d7061636b616765732f707379636f7067322f5f5f696e69745f5f2e70795c222c206c696e65203132322c20696e20636f6e6e6563745c6e20202020636f6e6e203d205f636f6e6e6563742864736e2c20636f6e6e656374696f6e5f666163746f72793d636f6e6e656374696f6e5f666163746f72792c202a2a6b776173796e63295c6e646a616e676f2e64622e7574696c732e4f7065726174696f6e616c4572726f723a20464154414c3a202070617373776f72642061757468656e7469636174696f6e206661696c656420666f722075736572205c22706f7374677265735c225c6e464154414c3a202070617373776f72642061757468656e7469636174696f6e206661696c656420666f722075736572205c22706f7374677265735c225c6e5c6e222c2272657472696573223a317d2c226d6573736167655f6964223a2238353538666530322d336362312d346135382d626537302d393364343839653861336663222c226d6573736167655f74696d657374616d70223a313732373731363337393933367d	tree_progress	default
448a19c7-8d77-42ee-929d-2976404482d8	done	2024-10-13 17:59:24.972832+03	2024-10-13 18:00:46.324763+03	\\x7b2271756575655f6e616d65223a2264656661756c74222c226163746f725f6e616d65223a227365745f6576656e74222c2261726773223a5b31342c315d2c226b7761726773223a7b7d2c226f7074696f6e73223a7b2272656469735f6d6573736167655f6964223a2263316137626561342d316465332d343331342d613866352d343031616563646364353761227d2c226d6573736167655f6964223a2234343861313963372d386437372d343265652d393239642d323937363430343438326438222c226d6573736167655f74696d657374616d70223a313732383833313536343936357d	set_event	default
79f369b5-fa24-45d1-9e04-eeba7ada6f80	done	2024-09-30 20:14:44.365998+03	2024-09-30 20:16:25.593874+03	\\x7b2271756575655f6e616d65223a2264656661756c74222c226163746f725f6e616d65223a227365745f6576656e74222c2261726773223a5b382c305d2c226b7761726773223a7b7d2c226f7074696f6e73223a7b2272656469735f6d6573736167655f6964223a2263353630326132342d333832372d343637632d613634612d366437613363313332393161222c2274726163656261636b223a2254726163656261636b20286d6f737420726563656e742063616c6c206c617374293a5c6e202046696c65205c222f726f6f742f4164646974696f6e456475636174696f6e4170706c69636174696f6e2f6d795f76656e762f6c69622f707974686f6e332e382f736974652d7061636b616765732f646a616e676f2f64622f6261636b656e64732f626173652f626173652e70795c222c206c696e65203238392c20696e20656e737572655f636f6e6e656374696f6e5c6e2020202073656c662e636f6e6e65637428295c6e202046696c65205c222f726f6f742f4164646974696f6e456475636174696f6e4170706c69636174696f6e2f6d795f76656e762f6c69622f707974686f6e332e382f736974652d7061636b616765732f646a616e676f2f7574696c732f6173796e63696f2e70795c222c206c696e652032362c20696e20696e6e65725c6e2020202072657475726e2066756e63282a617267732c202a2a6b7761726773295c6e202046696c65205c222f726f6f742f4164646974696f6e456475636174696f6e4170706c69636174696f6e2f6d795f76656e762f6c69622f707974686f6e332e382f736974652d7061636b616765732f646a616e676f2f64622f6261636b656e64732f626173652f626173652e70795c222c206c696e65203237302c20696e20636f6e6e6563745c6e2020202073656c662e636f6e6e656374696f6e203d2073656c662e6765745f6e65775f636f6e6e656374696f6e28636f6e6e5f706172616d73295c6e202046696c65205c222f726f6f742f4164646974696f6e456475636174696f6e4170706c69636174696f6e2f6d795f76656e762f6c69622f707974686f6e332e382f736974652d7061636b616765732f646a616e676f2f7574696c732f6173796e63696f2e70795c222c206c696e652032362c20696e20696e6e65725c6e2020202072657475726e2066756e63282a617267732c202a2a6b7761726773295c6e202046696c65205c222f726f6f742f4164646974696f6e456475636174696f6e4170706c69636174696f6e2f6d795f76656e762f6c69622f707974686f6e332e382f736974652d7061636b616765732f646a616e676f2f64622f6261636b656e64732f706f737467726573716c2f626173652e70795c222c206c696e65203237352c20696e206765745f6e65775f636f6e6e656374696f6e5c6e20202020636f6e6e656374696f6e203d2073656c662e44617461626173652e636f6e6e656374282a2a636f6e6e5f706172616d73295c6e202046696c65205c222f726f6f742f4164646974696f6e456475636174696f6e4170706c69636174696f6e2f6d795f76656e762f6c69622f707974686f6e332e382f736974652d7061636b616765732f707379636f7067322f5f5f696e69745f5f2e70795c222c206c696e65203132322c20696e20636f6e6e6563745c6e20202020636f6e6e203d205f636f6e6e6563742864736e2c20636f6e6e656374696f6e5f666163746f72793d636f6e6e656374696f6e5f666163746f72792c202a2a6b776173796e63295c6e707379636f7067322e4f7065726174696f6e616c4572726f723a20464154414c3a202070617373776f72642061757468656e7469636174696f6e206661696c656420666f722075736572205c22706f7374677265735c225c6e464154414c3a202070617373776f72642061757468656e7469636174696f6e206661696c656420666f722075736572205c22706f7374677265735c225c6e5c6e5c6e5468652061626f766520657863657074696f6e207761732074686520646972656374206361757365206f662074686520666f6c6c6f77696e6720657863657074696f6e3a5c6e5c6e54726163656261636b20286d6f737420726563656e742063616c6c206c617374293a5c6e202046696c65205c222f726f6f742f4164646974696f6e456475636174696f6e4170706c69636174696f6e2f6d795f76656e762f6c69622f707974686f6e332e382f736974652d7061636b616765732f6472616d617469712f776f726b65722e70795c222c206c696e65203438372c20696e2070726f636573735f6d6573736167655c6e20202020726573203d206163746f72282a6d6573736167652e617267732c202a2a6d6573736167652e6b7761726773295c6e202046696c65205c222f726f6f742f4164646974696f6e456475636174696f6e4170706c69636174696f6e2f6d795f76656e762f6c69622f707974686f6e332e382f736974652d7061636b616765732f6472616d617469712f6163746f722e70795c222c206c696e65203138322c20696e205f5f63616c6c5f5f5c6e2020202072657475726e2073656c662e666e282a617267732c202a2a6b7761726773295c6e202046696c65205c222f726f6f742f4164646974696f6e456475636174696f6e4170706c69636174696f6e2f4164644564754170702f2e2f757365725f70726f66696c652f7461736b732e70795c222c206c696e652034342c20696e207365745f6576656e745c6e2020202073747564656e74203d2053747564656e7450726f66696c652e6f626a656374732e67657428706b3d73747564656e745f706b295c6e202046696c65205c222f726f6f742f4164646974696f6e456475636174696f6e4170706c69636174696f6e2f6d795f76656e762f6c69622f707974686f6e332e382f736974652d7061636b616765732f646a616e676f2f64622f6d6f64656c732f6d616e616765722e70795c222c206c696e652038372c20696e206d616e616765725f6d6574686f645c6e2020202072657475726e20676574617474722873656c662e6765745f717565727973657428292c206e616d6529282a617267732c202a2a6b7761726773295c6e202046696c65205c222f726f6f742f4164646974696f6e456475636174696f6e4170706c69636174696f6e2f6d795f76656e762f6c69622f707974686f6e332e382f736974652d7061636b616765732f646a616e676f2f64622f6d6f64656c732f71756572792e70795c222c206c696e65203633332c20696e206765745c6e202020206e756d203d206c656e28636c6f6e65295c6e202046696c65205c222f726f6f742f4164646974696f6e456475636174696f6e4170706c69636174696f6e2f6d795f76656e762f6c69622f707974686f6e332e382f736974652d7061636b616765732f646a616e676f2f64622f6d6f64656c732f71756572792e70795c222c206c696e65203338302c20696e205f5f6c656e5f5f5c6e2020202073656c662e5f66657463685f616c6c28295c6e202046696c65205c222f726f6f742f4164646974696f6e456475636174696f6e4170706c69636174696f6e2f6d795f76656e762f6c69622f707974686f6e332e382f736974652d7061636b616765732f646a616e676f2f64622f6d6f64656c732f71756572792e70795c222c206c696e6520313838312c20696e205f66657463685f616c6c5c6e2020202073656c662e5f726573756c745f6361636865203d206c6973742873656c662e5f6974657261626c655f636c6173732873656c6629295c6e202046696c65205c222f726f6f742f4164646974696f6e456475636174696f6e4170706c69636174696f6e2f6d795f76656e762f6c69622f707974686f6e332e382f736974652d7061636b616765732f646a616e676f2f64622f6d6f64656c732f71756572792e70795c222c206c696e652039312c20696e205f5f697465725f5f5c6e20202020726573756c7473203d20636f6d70696c65722e657865637574655f73716c285c6e202046696c65205c222f726f6f742f4164646974696f6e456475636174696f6e4170706c69636174696f6e2f6d795f76656e762f6c69622f707974686f6e332e382f736974652d7061636b616765732f646a616e676f2f64622f6d6f64656c732f73716c2f636f6d70696c65722e70795c222c206c696e6520313536302c20696e20657865637574655f73716c5c6e20202020637572736f72203d2073656c662e636f6e6e656374696f6e2e637572736f7228295c6e202046696c65205c222f726f6f742f4164646974696f6e456475636174696f6e4170706c69636174696f6e2f6d795f76656e762f6c69622f707974686f6e332e382f736974652d7061636b616765732f646a616e676f2f7574696c732f6173796e63696f2e70795c222c206c696e652032362c20696e20696e6e65725c6e2020202072657475726e2066756e63282a617267732c202a2a6b7761726773295c6e202046696c65205c222f726f6f742f4164646974696f6e456475636174696f6e4170706c69636174696f6e2f6d795f76656e762f6c69622f707974686f6e332e382f736974652d7061636b616765732f646a616e676f2f64622f6261636b656e64732f626173652f626173652e70795c222c206c696e65203333302c20696e20637572736f725c6e2020202072657475726e2073656c662e5f637572736f7228295c6e202046696c65205c222f726f6f742f4164646974696f6e456475636174696f6e4170706c69636174696f6e2f6d795f76656e762f6c69622f707974686f6e332e382f736974652d7061636b616765732f646a616e676f2f64622f6261636b656e64732f626173652f626173652e70795c222c206c696e65203330362c20696e205f637572736f725c6e2020202073656c662e656e737572655f636f6e6e656374696f6e28295c6e202046696c65205c222f726f6f742f4164646974696f6e456475636174696f6e4170706c69636174696f6e2f6d795f76656e762f6c69622f707974686f6e332e382f736974652d7061636b616765732f646a616e676f2f7574696c732f6173796e63696f2e70795c222c206c696e652032362c20696e20696e6e65725c6e2020202072657475726e2066756e63282a617267732c202a2a6b7761726773295c6e202046696c65205c222f726f6f742f4164646974696f6e456475636174696f6e4170706c69636174696f6e2f6d795f76656e762f6c69622f707974686f6e332e382f736974652d7061636b616765732f646a616e676f2f64622f6261636b656e64732f626173652f626173652e70795c222c206c696e65203238392c20696e20656e737572655f636f6e6e656374696f6e5c6e2020202073656c662e636f6e6e65637428295c6e202046696c65205c222f726f6f742f4164646974696f6e456475636174696f6e4170706c69636174696f6e2f6d795f76656e762f6c69622f707974686f6e332e382f736974652d7061636b616765732f646a616e676f2f64622f7574696c732e70795c222c206c696e652039312c20696e205f5f657869745f5f5c6e20202020726169736520646a5f6578635f76616c75652e776974685f74726163656261636b2874726163656261636b292066726f6d206578635f76616c75655c6e202046696c65205c222f726f6f742f4164646974696f6e456475636174696f6e4170706c69636174696f6e2f6d795f76656e762f6c69622f707974686f6e332e382f736974652d7061636b616765732f646a616e676f2f64622f6261636b656e64732f626173652f626173652e70795c222c206c696e65203238392c20696e20656e737572655f636f6e6e656374696f6e5c6e2020202073656c662e636f6e6e65637428295c6e202046696c65205c222f726f6f742f4164646974696f6e456475636174696f6e4170706c69636174696f6e2f6d795f76656e762f6c69622f707974686f6e332e382f736974652d7061636b616765732f646a616e676f2f7574696c732f6173796e63696f2e70795c222c206c696e652032362c20696e20696e6e65725c6e2020202072657475726e2066756e63282a617267732c202a2a6b7761726773295c6e202046696c65205c222f726f6f742f4164646974696f6e456475636174696f6e4170706c69636174696f6e2f6d795f76656e762f6c69622f707974686f6e332e382f736974652d7061636b616765732f646a616e676f2f64622f6261636b656e64732f626173652f626173652e70795c222c206c696e65203237302c20696e20636f6e6e6563745c6e2020202073656c662e636f6e6e656374696f6e203d2073656c662e6765745f6e65775f636f6e6e656374696f6e28636f6e6e5f706172616d73295c6e202046696c65205c222f726f6f742f4164646974696f6e456475636174696f6e4170706c69636174696f6e2f6d795f76656e762f6c69622f707974686f6e332e382f736974652d7061636b616765732f646a616e676f2f7574696c732f6173796e63696f2e70795c222c206c696e652032362c20696e20696e6e65725c6e2020202072657475726e2066756e63282a617267732c202a2a6b7761726773295c6e202046696c65205c222f726f6f742f4164646974696f6e456475636174696f6e4170706c69636174696f6e2f6d795f76656e762f6c69622f707974686f6e332e382f736974652d7061636b616765732f646a616e676f2f64622f6261636b656e64732f706f737467726573716c2f626173652e70795c222c206c696e65203237352c20696e206765745f6e65775f636f6e6e656374696f6e5c6e20202020636f6e6e656374696f6e203d2073656c662e44617461626173652e636f6e6e656374282a2a636f6e6e5f706172616d73295c6e202046696c65205c222f726f6f742f4164646974696f6e456475636174696f6e4170706c69636174696f6e2f6d795f76656e762f6c69622f707974686f6e332e382f736974652d7061636b616765732f707379636f7067322f5f5f696e69745f5f2e70795c222c206c696e65203132322c20696e20636f6e6e6563745c6e20202020636f6e6e203d205f636f6e6e6563742864736e2c20636f6e6e656374696f6e5f666163746f72793d636f6e6e656374696f6e5f666163746f72792c202a2a6b776173796e63295c6e646a616e676f2e64622e7574696c732e4f7065726174696f6e616c4572726f723a20464154414c3a202070617373776f72642061757468656e7469636174696f6e206661696c656420666f722075736572205c22706f7374677265735c225c6e464154414c3a202070617373776f72642061757468656e7469636174696f6e206661696c656420666f722075736572205c22706f7374677265735c225c6e5c6e222c2272657472696573223a327d2c226d6573736167655f6964223a2237396633363962352d666132342d343564312d396530342d656562613761646136663830222c226d6573736167655f74696d657374616d70223a313732373731363438343336327d	set_event	default
3795d291-2fa9-4d36-ac8b-24f1b0890568	done	2024-10-04 11:02:20.666669+03	2024-10-04 11:03:50.815082+03	\\x7b2271756575655f6e616d65223a2264656661756c74222c226163746f725f6e616d65223a22747265655f70726f6772657373222c2261726773223a5b31315d2c226b7761726773223a7b7d2c226f7074696f6e73223a7b2272656469735f6d6573736167655f6964223a2263353938353735632d383239392d343662622d386134642d303438626338326136336334227d2c226d6573736167655f6964223a2233373935643239312d326661392d346433362d616338622d323466316230383930353638222c226d6573736167655f74696d657374616d70223a313732383032383934303635397d	tree_progress	default
139292dc-4617-44cb-89e5-a4379760fe53	done	2024-10-13 17:57:20.265799+03	2024-10-13 17:59:25.001112+03	\\x7b2271756575655f6e616d65223a2264656661756c74222c226163746f725f6e616d65223a22747265655f70726f6772657373222c2261726773223a5b31345d2c226b7761726773223a7b7d2c226f7074696f6e73223a7b2272656469735f6d6573736167655f6964223a2231653633613339332d353231352d346263302d383139612d623663383365626536356464222c2274726163656261636b223a2254726163656261636b20286d6f737420726563656e742063616c6c206c617374293a5c6e202046696c65205c222f726f6f742f4164646974696f6e456475636174696f6e4170706c69636174696f6e2f6d795f76656e762f6c69622f707974686f6e332e382f736974652d7061636b616765732f646a616e676f2f64622f6261636b656e64732f626173652f626173652e70795c222c206c696e65203238392c20696e20656e737572655f636f6e6e656374696f6e5c6e2020202073656c662e636f6e6e65637428295c6e202046696c65205c222f726f6f742f4164646974696f6e456475636174696f6e4170706c69636174696f6e2f6d795f76656e762f6c69622f707974686f6e332e382f736974652d7061636b616765732f646a616e676f2f7574696c732f6173796e63696f2e70795c222c206c696e652032362c20696e20696e6e65725c6e2020202072657475726e2066756e63282a617267732c202a2a6b7761726773295c6e202046696c65205c222f726f6f742f4164646974696f6e456475636174696f6e4170706c69636174696f6e2f6d795f76656e762f6c69622f707974686f6e332e382f736974652d7061636b616765732f646a616e676f2f64622f6261636b656e64732f626173652f626173652e70795c222c206c696e65203237302c20696e20636f6e6e6563745c6e2020202073656c662e636f6e6e656374696f6e203d2073656c662e6765745f6e65775f636f6e6e656374696f6e28636f6e6e5f706172616d73295c6e202046696c65205c222f726f6f742f4164646974696f6e456475636174696f6e4170706c69636174696f6e2f6d795f76656e762f6c69622f707974686f6e332e382f736974652d7061636b616765732f646a616e676f2f7574696c732f6173796e63696f2e70795c222c206c696e652032362c20696e20696e6e65725c6e2020202072657475726e2066756e63282a617267732c202a2a6b7761726773295c6e202046696c65205c222f726f6f742f4164646974696f6e456475636174696f6e4170706c69636174696f6e2f6d795f76656e762f6c69622f707974686f6e332e382f736974652d7061636b616765732f646a616e676f2f64622f6261636b656e64732f706f737467726573716c2f626173652e70795c222c206c696e65203237352c20696e206765745f6e65775f636f6e6e656374696f6e5c6e20202020636f6e6e656374696f6e203d2073656c662e44617461626173652e636f6e6e656374282a2a636f6e6e5f706172616d73295c6e202046696c65205c222f726f6f742f4164646974696f6e456475636174696f6e4170706c69636174696f6e2f6d795f76656e762f6c69622f707974686f6e332e382f736974652d7061636b616765732f707379636f7067322f5f5f696e69745f5f2e70795c222c206c696e65203132322c20696e20636f6e6e6563745c6e20202020636f6e6e203d205f636f6e6e6563742864736e2c20636f6e6e656374696f6e5f666163746f72793d636f6e6e656374696f6e5f666163746f72792c202a2a6b776173796e63295c6e707379636f7067322e4f7065726174696f6e616c4572726f723a20464154414c3a202070617373776f72642061757468656e7469636174696f6e206661696c656420666f722075736572205c22706f7374677265735c225c6e464154414c3a202070617373776f72642061757468656e7469636174696f6e206661696c656420666f722075736572205c22706f7374677265735c225c6e5c6e5c6e5468652061626f766520657863657074696f6e207761732074686520646972656374206361757365206f662074686520666f6c6c6f77696e6720657863657074696f6e3a5c6e5c6e54726163656261636b20286d6f737420726563656e742063616c6c206c617374293a5c6e202046696c65205c222f726f6f742f4164646974696f6e456475636174696f6e4170706c69636174696f6e2f6d795f76656e762f6c69622f707974686f6e332e382f736974652d7061636b616765732f6472616d617469712f776f726b65722e70795c222c206c696e65203438372c20696e2070726f636573735f6d6573736167655c6e20202020726573203d206163746f72282a6d6573736167652e617267732c202a2a6d6573736167652e6b7761726773295c6e202046696c65205c222f726f6f742f4164646974696f6e456475636174696f6e4170706c69636174696f6e2f6d795f76656e762f6c69622f707974686f6e332e382f736974652d7061636b616765732f6472616d617469712f6163746f722e70795c222c206c696e65203138322c20696e205f5f63616c6c5f5f5c6e2020202072657475726e2073656c662e666e282a617267732c202a2a6b7761726773295c6e202046696c65205c222f726f6f742f4164646974696f6e456475636174696f6e4170706c69636174696f6e2f4164644564754170702f2e2f757365725f70726f66696c652f7461736b732e70795c222c206c696e652032312c20696e20747265655f70726f67726573735c6e2020202073747564656e74203d2053747564656e7450726f66696c652e6f626a656374732e67657428706b3d73747564656e745f706b295c6e202046696c65205c222f726f6f742f4164646974696f6e456475636174696f6e4170706c69636174696f6e2f6d795f76656e762f6c69622f707974686f6e332e382f736974652d7061636b616765732f646a616e676f2f64622f6d6f64656c732f6d616e616765722e70795c222c206c696e652038372c20696e206d616e616765725f6d6574686f645c6e2020202072657475726e20676574617474722873656c662e6765745f717565727973657428292c206e616d6529282a617267732c202a2a6b7761726773295c6e202046696c65205c222f726f6f742f4164646974696f6e456475636174696f6e4170706c69636174696f6e2f6d795f76656e762f6c69622f707974686f6e332e382f736974652d7061636b616765732f646a616e676f2f64622f6d6f64656c732f71756572792e70795c222c206c696e65203633332c20696e206765745c6e202020206e756d203d206c656e28636c6f6e65295c6e202046696c65205c222f726f6f742f4164646974696f6e456475636174696f6e4170706c69636174696f6e2f6d795f76656e762f6c69622f707974686f6e332e382f736974652d7061636b616765732f646a616e676f2f64622f6d6f64656c732f71756572792e70795c222c206c696e65203338302c20696e205f5f6c656e5f5f5c6e2020202073656c662e5f66657463685f616c6c28295c6e202046696c65205c222f726f6f742f4164646974696f6e456475636174696f6e4170706c69636174696f6e2f6d795f76656e762f6c69622f707974686f6e332e382f736974652d7061636b616765732f646a616e676f2f64622f6d6f64656c732f71756572792e70795c222c206c696e6520313838312c20696e205f66657463685f616c6c5c6e2020202073656c662e5f726573756c745f6361636865203d206c6973742873656c662e5f6974657261626c655f636c6173732873656c6629295c6e202046696c65205c222f726f6f742f4164646974696f6e456475636174696f6e4170706c69636174696f6e2f6d795f76656e762f6c69622f707974686f6e332e382f736974652d7061636b616765732f646a616e676f2f64622f6d6f64656c732f71756572792e70795c222c206c696e652039312c20696e205f5f697465725f5f5c6e20202020726573756c7473203d20636f6d70696c65722e657865637574655f73716c285c6e202046696c65205c222f726f6f742f4164646974696f6e456475636174696f6e4170706c69636174696f6e2f6d795f76656e762f6c69622f707974686f6e332e382f736974652d7061636b616765732f646a616e676f2f64622f6d6f64656c732f73716c2f636f6d70696c65722e70795c222c206c696e6520313536302c20696e20657865637574655f73716c5c6e20202020637572736f72203d2073656c662e636f6e6e656374696f6e2e637572736f7228295c6e202046696c65205c222f726f6f742f4164646974696f6e456475636174696f6e4170706c69636174696f6e2f6d795f76656e762f6c69622f707974686f6e332e382f736974652d7061636b616765732f646a616e676f2f7574696c732f6173796e63696f2e70795c222c206c696e652032362c20696e20696e6e65725c6e2020202072657475726e2066756e63282a617267732c202a2a6b7761726773295c6e202046696c65205c222f726f6f742f4164646974696f6e456475636174696f6e4170706c69636174696f6e2f6d795f76656e762f6c69622f707974686f6e332e382f736974652d7061636b616765732f646a616e676f2f64622f6261636b656e64732f626173652f626173652e70795c222c206c696e65203333302c20696e20637572736f725c6e2020202072657475726e2073656c662e5f637572736f7228295c6e202046696c65205c222f726f6f742f4164646974696f6e456475636174696f6e4170706c69636174696f6e2f6d795f76656e762f6c69622f707974686f6e332e382f736974652d7061636b616765732f646a616e676f2f64622f6261636b656e64732f626173652f626173652e70795c222c206c696e65203330362c20696e205f637572736f725c6e2020202073656c662e656e737572655f636f6e6e656374696f6e28295c6e202046696c65205c222f726f6f742f4164646974696f6e456475636174696f6e4170706c69636174696f6e2f6d795f76656e762f6c69622f707974686f6e332e382f736974652d7061636b616765732f646a616e676f2f7574696c732f6173796e63696f2e70795c222c206c696e652032362c20696e20696e6e65725c6e2020202072657475726e2066756e63282a617267732c202a2a6b7761726773295c6e202046696c65205c222f726f6f742f4164646974696f6e456475636174696f6e4170706c69636174696f6e2f6d795f76656e762f6c69622f707974686f6e332e382f736974652d7061636b616765732f646a616e676f2f64622f6261636b656e64732f626173652f626173652e70795c222c206c696e65203238392c20696e20656e737572655f636f6e6e656374696f6e5c6e2020202073656c662e636f6e6e65637428295c6e202046696c65205c222f726f6f742f4164646974696f6e456475636174696f6e4170706c69636174696f6e2f6d795f76656e762f6c69622f707974686f6e332e382f736974652d7061636b616765732f646a616e676f2f64622f7574696c732e70795c222c206c696e652039312c20696e205f5f657869745f5f5c6e20202020726169736520646a5f6578635f76616c75652e776974685f74726163656261636b2874726163656261636b292066726f6d206578635f76616c75655c6e202046696c65205c222f726f6f742f4164646974696f6e456475636174696f6e4170706c69636174696f6e2f6d795f76656e762f6c69622f707974686f6e332e382f736974652d7061636b616765732f646a616e676f2f64622f6261636b656e64732f626173652f626173652e70795c222c206c696e65203238392c20696e20656e737572655f636f6e6e656374696f6e5c6e2020202073656c662e636f6e6e65637428295c6e202046696c65205c222f726f6f742f4164646974696f6e456475636174696f6e4170706c69636174696f6e2f6d795f76656e762f6c69622f707974686f6e332e382f736974652d7061636b616765732f646a616e676f2f7574696c732f6173796e63696f2e70795c222c206c696e652032362c20696e20696e6e65725c6e2020202072657475726e2066756e63282a617267732c202a2a6b7761726773295c6e202046696c65205c222f726f6f742f4164646974696f6e456475636174696f6e4170706c69636174696f6e2f6d795f76656e762f6c69622f707974686f6e332e382f736974652d7061636b616765732f646a616e676f2f64622f6261636b656e64732f626173652f626173652e70795c222c206c696e65203237302c20696e20636f6e6e6563745c6e2020202073656c662e636f6e6e656374696f6e203d2073656c662e6765745f6e65775f636f6e6e656374696f6e28636f6e6e5f706172616d73295c6e202046696c65205c222f726f6f742f4164646974696f6e456475636174696f6e4170706c69636174696f6e2f6d795f76656e762f6c69622f707974686f6e332e382f736974652d7061636b616765732f646a616e676f2f7574696c732f6173796e63696f2e70795c222c206c696e652032362c20696e20696e6e65725c6e2020202072657475726e2066756e63282a617267732c202a2a6b7761726773295c6e202046696c65205c222f726f6f742f4164646974696f6e456475636174696f6e4170706c69636174696f6e2f6d795f76656e762f6c69622f707974686f6e332e382f736974652d7061636b616765732f646a616e676f2f64622f6261636b656e64732f706f737467726573716c2f626173652e70795c222c206c696e65203237352c20696e206765745f6e65775f636f6e6e656374696f6e5c6e20202020636f6e6e656374696f6e203d2073656c662e44617461626173652e636f6e6e656374282a2a636f6e6e5f706172616d73295c6e202046696c65205c222f726f6f742f4164646974696f6e456475636174696f6e4170706c69636174696f6e2f6d795f76656e762f6c69622f707974686f6e332e382f736974652d7061636b616765732f707379636f7067322f5f5f696e69745f5f2e70795c222c206c696e65203132322c20696e20636f6e6e6563745c6e20202020636f6e6e203d205f636f6e6e6563742864736e2c20636f6e6e656374696f6e5f666163746f72793d636f6e6e656374696f6e5f666163746f72792c202a2a6b776173796e63295c6e646a616e676f2e64622e7574696c732e4f7065726174696f6e616c4572726f723a20464154414c3a202070617373776f72642061757468656e7469636174696f6e206661696c656420666f722075736572205c22706f7374677265735c225c6e464154414c3a202070617373776f72642061757468656e7469636174696f6e206661696c656420666f722075736572205c22706f7374677265735c225c6e5c6e222c2272657472696573223a327d2c226d6573736167655f6964223a2231333932393264632d343631372d343463622d383965352d613433373937363066653533222c226d6573736167655f74696d657374616d70223a313732383833313434303235347d	tree_progress	default
465a3f7b-b6eb-4a01-96d8-e72d28603e73	done	2024-10-04 11:03:50.802793+03	2024-10-04 11:04:31.936721+03	\\x7b2271756575655f6e616d65223a2264656661756c74222c226163746f725f6e616d65223a227365745f6576656e74222c2261726773223a5b31312c325d2c226b7761726773223a7b7d2c226f7074696f6e73223a7b2272656469735f6d6573736167655f6964223a2234363637623765642d636366302d343631362d626465642d633664353036363032313133222c2274726163656261636b223a2254726163656261636b20286d6f737420726563656e742063616c6c206c617374293a5c6e202046696c65205c222f726f6f742f4164646974696f6e456475636174696f6e4170706c69636174696f6e2f6d795f76656e762f6c69622f707974686f6e332e382f736974652d7061636b616765732f646a616e676f2f64622f6261636b656e64732f626173652f626173652e70795c222c206c696e65203238392c20696e20656e737572655f636f6e6e656374696f6e5c6e2020202073656c662e636f6e6e65637428295c6e202046696c65205c222f726f6f742f4164646974696f6e456475636174696f6e4170706c69636174696f6e2f6d795f76656e762f6c69622f707974686f6e332e382f736974652d7061636b616765732f646a616e676f2f7574696c732f6173796e63696f2e70795c222c206c696e652032362c20696e20696e6e65725c6e2020202072657475726e2066756e63282a617267732c202a2a6b7761726773295c6e202046696c65205c222f726f6f742f4164646974696f6e456475636174696f6e4170706c69636174696f6e2f6d795f76656e762f6c69622f707974686f6e332e382f736974652d7061636b616765732f646a616e676f2f64622f6261636b656e64732f626173652f626173652e70795c222c206c696e65203237302c20696e20636f6e6e6563745c6e2020202073656c662e636f6e6e656374696f6e203d2073656c662e6765745f6e65775f636f6e6e656374696f6e28636f6e6e5f706172616d73295c6e202046696c65205c222f726f6f742f4164646974696f6e456475636174696f6e4170706c69636174696f6e2f6d795f76656e762f6c69622f707974686f6e332e382f736974652d7061636b616765732f646a616e676f2f7574696c732f6173796e63696f2e70795c222c206c696e652032362c20696e20696e6e65725c6e2020202072657475726e2066756e63282a617267732c202a2a6b7761726773295c6e202046696c65205c222f726f6f742f4164646974696f6e456475636174696f6e4170706c69636174696f6e2f6d795f76656e762f6c69622f707974686f6e332e382f736974652d7061636b616765732f646a616e676f2f64622f6261636b656e64732f706f737467726573716c2f626173652e70795c222c206c696e65203237352c20696e206765745f6e65775f636f6e6e656374696f6e5c6e20202020636f6e6e656374696f6e203d2073656c662e44617461626173652e636f6e6e656374282a2a636f6e6e5f706172616d73295c6e202046696c65205c222f726f6f742f4164646974696f6e456475636174696f6e4170706c69636174696f6e2f6d795f76656e762f6c69622f707974686f6e332e382f736974652d7061636b616765732f707379636f7067322f5f5f696e69745f5f2e70795c222c206c696e65203132322c20696e20636f6e6e6563745c6e20202020636f6e6e203d205f636f6e6e6563742864736e2c20636f6e6e656374696f6e5f666163746f72793d636f6e6e656374696f6e5f666163746f72792c202a2a6b776173796e63295c6e707379636f7067322e4f7065726174696f6e616c4572726f723a20464154414c3a202070617373776f72642061757468656e7469636174696f6e206661696c656420666f722075736572205c22706f7374677265735c225c6e464154414c3a202070617373776f72642061757468656e7469636174696f6e206661696c656420666f722075736572205c22706f7374677265735c225c6e5c6e5c6e5468652061626f766520657863657074696f6e207761732074686520646972656374206361757365206f662074686520666f6c6c6f77696e6720657863657074696f6e3a5c6e5c6e54726163656261636b20286d6f737420726563656e742063616c6c206c617374293a5c6e202046696c65205c222f726f6f742f4164646974696f6e456475636174696f6e4170706c69636174696f6e2f6d795f76656e762f6c69622f707974686f6e332e382f736974652d7061636b616765732f6472616d617469712f776f726b65722e70795c222c206c696e65203438372c20696e2070726f636573735f6d6573736167655c6e20202020726573203d206163746f72282a6d6573736167652e617267732c202a2a6d6573736167652e6b7761726773295c6e202046696c65205c222f726f6f742f4164646974696f6e456475636174696f6e4170706c69636174696f6e2f6d795f76656e762f6c69622f707974686f6e332e382f736974652d7061636b616765732f6472616d617469712f6163746f722e70795c222c206c696e65203138322c20696e205f5f63616c6c5f5f5c6e2020202072657475726e2073656c662e666e282a617267732c202a2a6b7761726773295c6e202046696c65205c222f726f6f742f4164646974696f6e456475636174696f6e4170706c69636174696f6e2f4164644564754170702f2e2f757365725f70726f66696c652f7461736b732e70795c222c206c696e652034342c20696e207365745f6576656e745c6e2020202073747564656e74203d2053747564656e7450726f66696c652e6f626a656374732e67657428706b3d73747564656e745f706b295c6e202046696c65205c222f726f6f742f4164646974696f6e456475636174696f6e4170706c69636174696f6e2f6d795f76656e762f6c69622f707974686f6e332e382f736974652d7061636b616765732f646a616e676f2f64622f6d6f64656c732f6d616e616765722e70795c222c206c696e652038372c20696e206d616e616765725f6d6574686f645c6e2020202072657475726e20676574617474722873656c662e6765745f717565727973657428292c206e616d6529282a617267732c202a2a6b7761726773295c6e202046696c65205c222f726f6f742f4164646974696f6e456475636174696f6e4170706c69636174696f6e2f6d795f76656e762f6c69622f707974686f6e332e382f736974652d7061636b616765732f646a616e676f2f64622f6d6f64656c732f71756572792e70795c222c206c696e65203633332c20696e206765745c6e202020206e756d203d206c656e28636c6f6e65295c6e202046696c65205c222f726f6f742f4164646974696f6e456475636174696f6e4170706c69636174696f6e2f6d795f76656e762f6c69622f707974686f6e332e382f736974652d7061636b616765732f646a616e676f2f64622f6d6f64656c732f71756572792e70795c222c206c696e65203338302c20696e205f5f6c656e5f5f5c6e2020202073656c662e5f66657463685f616c6c28295c6e202046696c65205c222f726f6f742f4164646974696f6e456475636174696f6e4170706c69636174696f6e2f6d795f76656e762f6c69622f707974686f6e332e382f736974652d7061636b616765732f646a616e676f2f64622f6d6f64656c732f71756572792e70795c222c206c696e6520313838312c20696e205f66657463685f616c6c5c6e2020202073656c662e5f726573756c745f6361636865203d206c6973742873656c662e5f6974657261626c655f636c6173732873656c6629295c6e202046696c65205c222f726f6f742f4164646974696f6e456475636174696f6e4170706c69636174696f6e2f6d795f76656e762f6c69622f707974686f6e332e382f736974652d7061636b616765732f646a616e676f2f64622f6d6f64656c732f71756572792e70795c222c206c696e652039312c20696e205f5f697465725f5f5c6e20202020726573756c7473203d20636f6d70696c65722e657865637574655f73716c285c6e202046696c65205c222f726f6f742f4164646974696f6e456475636174696f6e4170706c69636174696f6e2f6d795f76656e762f6c69622f707974686f6e332e382f736974652d7061636b616765732f646a616e676f2f64622f6d6f64656c732f73716c2f636f6d70696c65722e70795c222c206c696e6520313536302c20696e20657865637574655f73716c5c6e20202020637572736f72203d2073656c662e636f6e6e656374696f6e2e637572736f7228295c6e202046696c65205c222f726f6f742f4164646974696f6e456475636174696f6e4170706c69636174696f6e2f6d795f76656e762f6c69622f707974686f6e332e382f736974652d7061636b616765732f646a616e676f2f7574696c732f6173796e63696f2e70795c222c206c696e652032362c20696e20696e6e65725c6e2020202072657475726e2066756e63282a617267732c202a2a6b7761726773295c6e202046696c65205c222f726f6f742f4164646974696f6e456475636174696f6e4170706c69636174696f6e2f6d795f76656e762f6c69622f707974686f6e332e382f736974652d7061636b616765732f646a616e676f2f64622f6261636b656e64732f626173652f626173652e70795c222c206c696e65203333302c20696e20637572736f725c6e2020202072657475726e2073656c662e5f637572736f7228295c6e202046696c65205c222f726f6f742f4164646974696f6e456475636174696f6e4170706c69636174696f6e2f6d795f76656e762f6c69622f707974686f6e332e382f736974652d7061636b616765732f646a616e676f2f64622f6261636b656e64732f626173652f626173652e70795c222c206c696e65203330362c20696e205f637572736f725c6e2020202073656c662e656e737572655f636f6e6e656374696f6e28295c6e202046696c65205c222f726f6f742f4164646974696f6e456475636174696f6e4170706c69636174696f6e2f6d795f76656e762f6c69622f707974686f6e332e382f736974652d7061636b616765732f646a616e676f2f7574696c732f6173796e63696f2e70795c222c206c696e652032362c20696e20696e6e65725c6e2020202072657475726e2066756e63282a617267732c202a2a6b7761726773295c6e202046696c65205c222f726f6f742f4164646974696f6e456475636174696f6e4170706c69636174696f6e2f6d795f76656e762f6c69622f707974686f6e332e382f736974652d7061636b616765732f646a616e676f2f64622f6261636b656e64732f626173652f626173652e70795c222c206c696e65203238392c20696e20656e737572655f636f6e6e656374696f6e5c6e2020202073656c662e636f6e6e65637428295c6e202046696c65205c222f726f6f742f4164646974696f6e456475636174696f6e4170706c69636174696f6e2f6d795f76656e762f6c69622f707974686f6e332e382f736974652d7061636b616765732f646a616e676f2f64622f7574696c732e70795c222c206c696e652039312c20696e205f5f657869745f5f5c6e20202020726169736520646a5f6578635f76616c75652e776974685f74726163656261636b2874726163656261636b292066726f6d206578635f76616c75655c6e202046696c65205c222f726f6f742f4164646974696f6e456475636174696f6e4170706c69636174696f6e2f6d795f76656e762f6c69622f707974686f6e332e382f736974652d7061636b616765732f646a616e676f2f64622f6261636b656e64732f626173652f626173652e70795c222c206c696e65203238392c20696e20656e737572655f636f6e6e656374696f6e5c6e2020202073656c662e636f6e6e65637428295c6e202046696c65205c222f726f6f742f4164646974696f6e456475636174696f6e4170706c69636174696f6e2f6d795f76656e762f6c69622f707974686f6e332e382f736974652d7061636b616765732f646a616e676f2f7574696c732f6173796e63696f2e70795c222c206c696e652032362c20696e20696e6e65725c6e2020202072657475726e2066756e63282a617267732c202a2a6b7761726773295c6e202046696c65205c222f726f6f742f4164646974696f6e456475636174696f6e4170706c69636174696f6e2f6d795f76656e762f6c69622f707974686f6e332e382f736974652d7061636b616765732f646a616e676f2f64622f6261636b656e64732f626173652f626173652e70795c222c206c696e65203237302c20696e20636f6e6e6563745c6e2020202073656c662e636f6e6e656374696f6e203d2073656c662e6765745f6e65775f636f6e6e656374696f6e28636f6e6e5f706172616d73295c6e202046696c65205c222f726f6f742f4164646974696f6e456475636174696f6e4170706c69636174696f6e2f6d795f76656e762f6c69622f707974686f6e332e382f736974652d7061636b616765732f646a616e676f2f7574696c732f6173796e63696f2e70795c222c206c696e652032362c20696e20696e6e65725c6e2020202072657475726e2066756e63282a617267732c202a2a6b7761726773295c6e202046696c65205c222f726f6f742f4164646974696f6e456475636174696f6e4170706c69636174696f6e2f6d795f76656e762f6c69622f707974686f6e332e382f736974652d7061636b616765732f646a616e676f2f64622f6261636b656e64732f706f737467726573716c2f626173652e70795c222c206c696e65203237352c20696e206765745f6e65775f636f6e6e656374696f6e5c6e20202020636f6e6e656374696f6e203d2073656c662e44617461626173652e636f6e6e656374282a2a636f6e6e5f706172616d73295c6e202046696c65205c222f726f6f742f4164646974696f6e456475636174696f6e4170706c69636174696f6e2f6d795f76656e762f6c69622f707974686f6e332e382f736974652d7061636b616765732f707379636f7067322f5f5f696e69745f5f2e70795c222c206c696e65203132322c20696e20636f6e6e6563745c6e20202020636f6e6e203d205f636f6e6e6563742864736e2c20636f6e6e656374696f6e5f666163746f72793d636f6e6e656374696f6e5f666163746f72792c202a2a6b776173796e63295c6e646a616e676f2e64622e7574696c732e4f7065726174696f6e616c4572726f723a20464154414c3a202070617373776f72642061757468656e7469636174696f6e206661696c656420666f722075736572205c22706f7374677265735c225c6e464154414c3a202070617373776f72642061757468656e7469636174696f6e206661696c656420666f722075736572205c22706f7374677265735c225c6e5c6e222c2272657472696573223a317d2c226d6573736167655f6964223a2234363561336637622d623665622d346130312d393664382d653732643238363033653733222c226d6573736167655f74696d657374616d70223a313732383032393033303739397d	set_event	default
5e8d6640-c723-4860-9c03-74fa9c8b04f1	done	2024-10-04 11:04:58.415175+03	2024-10-04 11:04:58.568454+03	\\x7b2271756575655f6e616d65223a2264656661756c74222c226163746f725f6e616d65223a22747265655f70726f6772657373222c2261726773223a5b31315d2c226b7761726773223a7b7d2c226f7074696f6e73223a7b2272656469735f6d6573736167655f6964223a2265666564643962352d316565662d346636652d616363372d653739343861323636316630227d2c226d6573736167655f6964223a2235653864363634302d633732332d343836302d396330332d373466613963386230346631222c226d6573736167655f74696d657374616d70223a313732383032393039383430387d	tree_progress	default
2a05ad28-3eb4-4fd9-a134-03e2bad2dcad	done	2024-10-04 11:04:58.558721+03	2024-10-04 11:06:07.010321+03	\\x7b2271756575655f6e616d65223a2264656661756c74222c226163746f725f6e616d65223a227365745f6576656e74222c2261726773223a5b31312c305d2c226b7761726773223a7b7d2c226f7074696f6e73223a7b2272656469735f6d6573736167655f6964223a2235303236346238342d663662352d343538322d626166312d636439313331336230616436227d2c226d6573736167655f6964223a2232613035616432382d336562342d346664392d613133342d303365326261643264636164222c226d6573736167655f74696d657374616d70223a313732383032393039383535367d	set_event	default
86288d6a-2008-46ab-9cf5-927b4ddff54e	done	2024-10-05 18:40:06.101085+03	2024-10-05 18:41:36.25393+03	\\x7b2271756575655f6e616d65223a2264656661756c74222c226163746f725f6e616d65223a22747265655f70726f6772657373222c2261726773223a5b31325d2c226b7761726773223a7b7d2c226f7074696f6e73223a7b2272656469735f6d6573736167655f6964223a2264343766663461382d613437652d343835332d396462392d666366313661613865366531227d2c226d6573736167655f6964223a2238363238386436612d323030382d343661622d396366352d393237623464646666353465222c226d6573736167655f74696d657374616d70223a313732383134323830363039327d	tree_progress	default
e64d1e20-461b-4d02-b3ab-e2182176bf36	done	2024-10-05 18:41:36.243005+03	2024-10-05 18:43:29.648539+03	\\x7b2271756575655f6e616d65223a2264656661756c74222c226163746f725f6e616d65223a227365745f6576656e74222c2261726773223a5b31322c305d2c226b7761726773223a7b7d2c226f7074696f6e73223a7b2272656469735f6d6573736167655f6964223a2237663036656638622d383561322d346266382d393963312d336332346238373337376230222c2274726163656261636b223a2254726163656261636b20286d6f737420726563656e742063616c6c206c617374293a5c6e202046696c65205c222f726f6f742f4164646974696f6e456475636174696f6e4170706c69636174696f6e2f6d795f76656e762f6c69622f707974686f6e332e382f736974652d7061636b616765732f646a616e676f2f64622f6261636b656e64732f626173652f626173652e70795c222c206c696e65203238392c20696e20656e737572655f636f6e6e656374696f6e5c6e2020202073656c662e636f6e6e65637428295c6e202046696c65205c222f726f6f742f4164646974696f6e456475636174696f6e4170706c69636174696f6e2f6d795f76656e762f6c69622f707974686f6e332e382f736974652d7061636b616765732f646a616e676f2f7574696c732f6173796e63696f2e70795c222c206c696e652032362c20696e20696e6e65725c6e2020202072657475726e2066756e63282a617267732c202a2a6b7761726773295c6e202046696c65205c222f726f6f742f4164646974696f6e456475636174696f6e4170706c69636174696f6e2f6d795f76656e762f6c69622f707974686f6e332e382f736974652d7061636b616765732f646a616e676f2f64622f6261636b656e64732f626173652f626173652e70795c222c206c696e65203237302c20696e20636f6e6e6563745c6e2020202073656c662e636f6e6e656374696f6e203d2073656c662e6765745f6e65775f636f6e6e656374696f6e28636f6e6e5f706172616d73295c6e202046696c65205c222f726f6f742f4164646974696f6e456475636174696f6e4170706c69636174696f6e2f6d795f76656e762f6c69622f707974686f6e332e382f736974652d7061636b616765732f646a616e676f2f7574696c732f6173796e63696f2e70795c222c206c696e652032362c20696e20696e6e65725c6e2020202072657475726e2066756e63282a617267732c202a2a6b7761726773295c6e202046696c65205c222f726f6f742f4164646974696f6e456475636174696f6e4170706c69636174696f6e2f6d795f76656e762f6c69622f707974686f6e332e382f736974652d7061636b616765732f646a616e676f2f64622f6261636b656e64732f706f737467726573716c2f626173652e70795c222c206c696e65203237352c20696e206765745f6e65775f636f6e6e656374696f6e5c6e20202020636f6e6e656374696f6e203d2073656c662e44617461626173652e636f6e6e656374282a2a636f6e6e5f706172616d73295c6e202046696c65205c222f726f6f742f4164646974696f6e456475636174696f6e4170706c69636174696f6e2f6d795f76656e762f6c69622f707974686f6e332e382f736974652d7061636b616765732f707379636f7067322f5f5f696e69745f5f2e70795c222c206c696e65203132322c20696e20636f6e6e6563745c6e20202020636f6e6e203d205f636f6e6e6563742864736e2c20636f6e6e656374696f6e5f666163746f72793d636f6e6e656374696f6e5f666163746f72792c202a2a6b776173796e63295c6e707379636f7067322e4f7065726174696f6e616c4572726f723a20464154414c3a202070617373776f72642061757468656e7469636174696f6e206661696c656420666f722075736572205c22706f7374677265735c225c6e464154414c3a202070617373776f72642061757468656e7469636174696f6e206661696c656420666f722075736572205c22706f7374677265735c225c6e5c6e5c6e5468652061626f766520657863657074696f6e207761732074686520646972656374206361757365206f662074686520666f6c6c6f77696e6720657863657074696f6e3a5c6e5c6e54726163656261636b20286d6f737420726563656e742063616c6c206c617374293a5c6e202046696c65205c222f726f6f742f4164646974696f6e456475636174696f6e4170706c69636174696f6e2f6d795f76656e762f6c69622f707974686f6e332e382f736974652d7061636b616765732f6472616d617469712f776f726b65722e70795c222c206c696e65203438372c20696e2070726f636573735f6d6573736167655c6e20202020726573203d206163746f72282a6d6573736167652e617267732c202a2a6d6573736167652e6b7761726773295c6e202046696c65205c222f726f6f742f4164646974696f6e456475636174696f6e4170706c69636174696f6e2f6d795f76656e762f6c69622f707974686f6e332e382f736974652d7061636b616765732f6472616d617469712f6163746f722e70795c222c206c696e65203138322c20696e205f5f63616c6c5f5f5c6e2020202072657475726e2073656c662e666e282a617267732c202a2a6b7761726773295c6e202046696c65205c222f726f6f742f4164646974696f6e456475636174696f6e4170706c69636174696f6e2f4164644564754170702f2e2f757365725f70726f66696c652f7461736b732e70795c222c206c696e652034342c20696e207365745f6576656e745c6e2020202073747564656e74203d2053747564656e7450726f66696c652e6f626a656374732e67657428706b3d73747564656e745f706b295c6e202046696c65205c222f726f6f742f4164646974696f6e456475636174696f6e4170706c69636174696f6e2f6d795f76656e762f6c69622f707974686f6e332e382f736974652d7061636b616765732f646a616e676f2f64622f6d6f64656c732f6d616e616765722e70795c222c206c696e652038372c20696e206d616e616765725f6d6574686f645c6e2020202072657475726e20676574617474722873656c662e6765745f717565727973657428292c206e616d6529282a617267732c202a2a6b7761726773295c6e202046696c65205c222f726f6f742f4164646974696f6e456475636174696f6e4170706c69636174696f6e2f6d795f76656e762f6c69622f707974686f6e332e382f736974652d7061636b616765732f646a616e676f2f64622f6d6f64656c732f71756572792e70795c222c206c696e65203633332c20696e206765745c6e202020206e756d203d206c656e28636c6f6e65295c6e202046696c65205c222f726f6f742f4164646974696f6e456475636174696f6e4170706c69636174696f6e2f6d795f76656e762f6c69622f707974686f6e332e382f736974652d7061636b616765732f646a616e676f2f64622f6d6f64656c732f71756572792e70795c222c206c696e65203338302c20696e205f5f6c656e5f5f5c6e2020202073656c662e5f66657463685f616c6c28295c6e202046696c65205c222f726f6f742f4164646974696f6e456475636174696f6e4170706c69636174696f6e2f6d795f76656e762f6c69622f707974686f6e332e382f736974652d7061636b616765732f646a616e676f2f64622f6d6f64656c732f71756572792e70795c222c206c696e6520313838312c20696e205f66657463685f616c6c5c6e2020202073656c662e5f726573756c745f6361636865203d206c6973742873656c662e5f6974657261626c655f636c6173732873656c6629295c6e202046696c65205c222f726f6f742f4164646974696f6e456475636174696f6e4170706c69636174696f6e2f6d795f76656e762f6c69622f707974686f6e332e382f736974652d7061636b616765732f646a616e676f2f64622f6d6f64656c732f71756572792e70795c222c206c696e652039312c20696e205f5f697465725f5f5c6e20202020726573756c7473203d20636f6d70696c65722e657865637574655f73716c285c6e202046696c65205c222f726f6f742f4164646974696f6e456475636174696f6e4170706c69636174696f6e2f6d795f76656e762f6c69622f707974686f6e332e382f736974652d7061636b616765732f646a616e676f2f64622f6d6f64656c732f73716c2f636f6d70696c65722e70795c222c206c696e6520313536302c20696e20657865637574655f73716c5c6e20202020637572736f72203d2073656c662e636f6e6e656374696f6e2e637572736f7228295c6e202046696c65205c222f726f6f742f4164646974696f6e456475636174696f6e4170706c69636174696f6e2f6d795f76656e762f6c69622f707974686f6e332e382f736974652d7061636b616765732f646a616e676f2f7574696c732f6173796e63696f2e70795c222c206c696e652032362c20696e20696e6e65725c6e2020202072657475726e2066756e63282a617267732c202a2a6b7761726773295c6e202046696c65205c222f726f6f742f4164646974696f6e456475636174696f6e4170706c69636174696f6e2f6d795f76656e762f6c69622f707974686f6e332e382f736974652d7061636b616765732f646a616e676f2f64622f6261636b656e64732f626173652f626173652e70795c222c206c696e65203333302c20696e20637572736f725c6e2020202072657475726e2073656c662e5f637572736f7228295c6e202046696c65205c222f726f6f742f4164646974696f6e456475636174696f6e4170706c69636174696f6e2f6d795f76656e762f6c69622f707974686f6e332e382f736974652d7061636b616765732f646a616e676f2f64622f6261636b656e64732f626173652f626173652e70795c222c206c696e65203330362c20696e205f637572736f725c6e2020202073656c662e656e737572655f636f6e6e656374696f6e28295c6e202046696c65205c222f726f6f742f4164646974696f6e456475636174696f6e4170706c69636174696f6e2f6d795f76656e762f6c69622f707974686f6e332e382f736974652d7061636b616765732f646a616e676f2f7574696c732f6173796e63696f2e70795c222c206c696e652032362c20696e20696e6e65725c6e2020202072657475726e2066756e63282a617267732c202a2a6b7761726773295c6e202046696c65205c222f726f6f742f4164646974696f6e456475636174696f6e4170706c69636174696f6e2f6d795f76656e762f6c69622f707974686f6e332e382f736974652d7061636b616765732f646a616e676f2f64622f6261636b656e64732f626173652f626173652e70795c222c206c696e65203238392c20696e20656e737572655f636f6e6e656374696f6e5c6e2020202073656c662e636f6e6e65637428295c6e202046696c65205c222f726f6f742f4164646974696f6e456475636174696f6e4170706c69636174696f6e2f6d795f76656e762f6c69622f707974686f6e332e382f736974652d7061636b616765732f646a616e676f2f64622f7574696c732e70795c222c206c696e652039312c20696e205f5f657869745f5f5c6e20202020726169736520646a5f6578635f76616c75652e776974685f74726163656261636b2874726163656261636b292066726f6d206578635f76616c75655c6e202046696c65205c222f726f6f742f4164646974696f6e456475636174696f6e4170706c69636174696f6e2f6d795f76656e762f6c69622f707974686f6e332e382f736974652d7061636b616765732f646a616e676f2f64622f6261636b656e64732f626173652f626173652e70795c222c206c696e65203238392c20696e20656e737572655f636f6e6e656374696f6e5c6e2020202073656c662e636f6e6e65637428295c6e202046696c65205c222f726f6f742f4164646974696f6e456475636174696f6e4170706c69636174696f6e2f6d795f76656e762f6c69622f707974686f6e332e382f736974652d7061636b616765732f646a616e676f2f7574696c732f6173796e63696f2e70795c222c206c696e652032362c20696e20696e6e65725c6e2020202072657475726e2066756e63282a617267732c202a2a6b7761726773295c6e202046696c65205c222f726f6f742f4164646974696f6e456475636174696f6e4170706c69636174696f6e2f6d795f76656e762f6c69622f707974686f6e332e382f736974652d7061636b616765732f646a616e676f2f64622f6261636b656e64732f626173652f626173652e70795c222c206c696e65203237302c20696e20636f6e6e6563745c6e2020202073656c662e636f6e6e656374696f6e203d2073656c662e6765745f6e65775f636f6e6e656374696f6e28636f6e6e5f706172616d73295c6e202046696c65205c222f726f6f742f4164646974696f6e456475636174696f6e4170706c69636174696f6e2f6d795f76656e762f6c69622f707974686f6e332e382f736974652d7061636b616765732f646a616e676f2f7574696c732f6173796e63696f2e70795c222c206c696e652032362c20696e20696e6e65725c6e2020202072657475726e2066756e63282a617267732c202a2a6b7761726773295c6e202046696c65205c222f726f6f742f4164646974696f6e456475636174696f6e4170706c69636174696f6e2f6d795f76656e762f6c69622f707974686f6e332e382f736974652d7061636b616765732f646a616e676f2f64622f6261636b656e64732f706f737467726573716c2f626173652e70795c222c206c696e65203237352c20696e206765745f6e65775f636f6e6e656374696f6e5c6e20202020636f6e6e656374696f6e203d2073656c662e44617461626173652e636f6e6e656374282a2a636f6e6e5f706172616d73295c6e202046696c65205c222f726f6f742f4164646974696f6e456475636174696f6e4170706c69636174696f6e2f6d795f76656e762f6c69622f707974686f6e332e382f736974652d7061636b616765732f707379636f7067322f5f5f696e69745f5f2e70795c222c206c696e65203132322c20696e20636f6e6e6563745c6e20202020636f6e6e203d205f636f6e6e6563742864736e2c20636f6e6e656374696f6e5f666163746f72793d636f6e6e656374696f6e5f666163746f72792c202a2a6b776173796e63295c6e646a616e676f2e64622e7574696c732e4f7065726174696f6e616c4572726f723a20464154414c3a202070617373776f72642061757468656e7469636174696f6e206661696c656420666f722075736572205c22706f7374677265735c225c6e464154414c3a202070617373776f72642061757468656e7469636174696f6e206661696c656420666f722075736572205c22706f7374677265735c225c6e5c6e222c2272657472696573223a327d2c226d6573736167655f6964223a2265363464316532302d343631622d346430322d623361622d653231383231373662663336222c226d6573736167655f74696d657374616d70223a313732383134323839363233397d	set_event	default
f723fb41-80ab-4eae-9158-eabdd8fc9fc3	done	2024-10-05 18:44:44.960489+03	2024-10-05 18:45:15.111047+03	\\x7b2271756575655f6e616d65223a2264656661756c74222c226163746f725f6e616d65223a22747265655f70726f6772657373222c2261726773223a5b31325d2c226b7761726773223a7b7d2c226f7074696f6e73223a7b2272656469735f6d6573736167655f6964223a2237633934326636362d643365612d346632372d613736382d386264626632333061316461227d2c226d6573736167655f6964223a2266373233666234312d383061622d346561652d393135382d656162646438666339666333222c226d6573736167655f74696d657374616d70223a313732383134333038343935347d	tree_progress	default
34f4d4f5-6483-4f29-be62-2d8dbca22c12	done	2024-10-05 18:45:15.098293+03	2024-10-05 18:46:39.118018+03	\\x7b2271756575655f6e616d65223a2264656661756c74222c226163746f725f6e616d65223a227365745f6576656e74222c2261726773223a5b31322c325d2c226b7761726773223a7b7d2c226f7074696f6e73223a7b2272656469735f6d6573736167655f6964223a2239323130613634612d323039622d346234372d616661362d313936306439336565333066222c2274726163656261636b223a2254726163656261636b20286d6f737420726563656e742063616c6c206c617374293a5c6e202046696c65205c222f726f6f742f4164646974696f6e456475636174696f6e4170706c69636174696f6e2f6d795f76656e762f6c69622f707974686f6e332e382f736974652d7061636b616765732f646a616e676f2f64622f6261636b656e64732f626173652f626173652e70795c222c206c696e65203238392c20696e20656e737572655f636f6e6e656374696f6e5c6e2020202073656c662e636f6e6e65637428295c6e202046696c65205c222f726f6f742f4164646974696f6e456475636174696f6e4170706c69636174696f6e2f6d795f76656e762f6c69622f707974686f6e332e382f736974652d7061636b616765732f646a616e676f2f7574696c732f6173796e63696f2e70795c222c206c696e652032362c20696e20696e6e65725c6e2020202072657475726e2066756e63282a617267732c202a2a6b7761726773295c6e202046696c65205c222f726f6f742f4164646974696f6e456475636174696f6e4170706c69636174696f6e2f6d795f76656e762f6c69622f707974686f6e332e382f736974652d7061636b616765732f646a616e676f2f64622f6261636b656e64732f626173652f626173652e70795c222c206c696e65203237302c20696e20636f6e6e6563745c6e2020202073656c662e636f6e6e656374696f6e203d2073656c662e6765745f6e65775f636f6e6e656374696f6e28636f6e6e5f706172616d73295c6e202046696c65205c222f726f6f742f4164646974696f6e456475636174696f6e4170706c69636174696f6e2f6d795f76656e762f6c69622f707974686f6e332e382f736974652d7061636b616765732f646a616e676f2f7574696c732f6173796e63696f2e70795c222c206c696e652032362c20696e20696e6e65725c6e2020202072657475726e2066756e63282a617267732c202a2a6b7761726773295c6e202046696c65205c222f726f6f742f4164646974696f6e456475636174696f6e4170706c69636174696f6e2f6d795f76656e762f6c69622f707974686f6e332e382f736974652d7061636b616765732f646a616e676f2f64622f6261636b656e64732f706f737467726573716c2f626173652e70795c222c206c696e65203237352c20696e206765745f6e65775f636f6e6e656374696f6e5c6e20202020636f6e6e656374696f6e203d2073656c662e44617461626173652e636f6e6e656374282a2a636f6e6e5f706172616d73295c6e202046696c65205c222f726f6f742f4164646974696f6e456475636174696f6e4170706c69636174696f6e2f6d795f76656e762f6c69622f707974686f6e332e382f736974652d7061636b616765732f707379636f7067322f5f5f696e69745f5f2e70795c222c206c696e65203132322c20696e20636f6e6e6563745c6e20202020636f6e6e203d205f636f6e6e6563742864736e2c20636f6e6e656374696f6e5f666163746f72793d636f6e6e656374696f6e5f666163746f72792c202a2a6b776173796e63295c6e707379636f7067322e4f7065726174696f6e616c4572726f723a20464154414c3a202070617373776f72642061757468656e7469636174696f6e206661696c656420666f722075736572205c22706f7374677265735c225c6e464154414c3a202070617373776f72642061757468656e7469636174696f6e206661696c656420666f722075736572205c22706f7374677265735c225c6e5c6e5c6e5468652061626f766520657863657074696f6e207761732074686520646972656374206361757365206f662074686520666f6c6c6f77696e6720657863657074696f6e3a5c6e5c6e54726163656261636b20286d6f737420726563656e742063616c6c206c617374293a5c6e202046696c65205c222f726f6f742f4164646974696f6e456475636174696f6e4170706c69636174696f6e2f6d795f76656e762f6c69622f707974686f6e332e382f736974652d7061636b616765732f6472616d617469712f776f726b65722e70795c222c206c696e65203438372c20696e2070726f636573735f6d6573736167655c6e20202020726573203d206163746f72282a6d6573736167652e617267732c202a2a6d6573736167652e6b7761726773295c6e202046696c65205c222f726f6f742f4164646974696f6e456475636174696f6e4170706c69636174696f6e2f6d795f76656e762f6c69622f707974686f6e332e382f736974652d7061636b616765732f6472616d617469712f6163746f722e70795c222c206c696e65203138322c20696e205f5f63616c6c5f5f5c6e2020202072657475726e2073656c662e666e282a617267732c202a2a6b7761726773295c6e202046696c65205c222f726f6f742f4164646974696f6e456475636174696f6e4170706c69636174696f6e2f4164644564754170702f2e2f757365725f70726f66696c652f7461736b732e70795c222c206c696e652034342c20696e207365745f6576656e745c6e2020202073747564656e74203d2053747564656e7450726f66696c652e6f626a656374732e67657428706b3d73747564656e745f706b295c6e202046696c65205c222f726f6f742f4164646974696f6e456475636174696f6e4170706c69636174696f6e2f6d795f76656e762f6c69622f707974686f6e332e382f736974652d7061636b616765732f646a616e676f2f64622f6d6f64656c732f6d616e616765722e70795c222c206c696e652038372c20696e206d616e616765725f6d6574686f645c6e2020202072657475726e20676574617474722873656c662e6765745f717565727973657428292c206e616d6529282a617267732c202a2a6b7761726773295c6e202046696c65205c222f726f6f742f4164646974696f6e456475636174696f6e4170706c69636174696f6e2f6d795f76656e762f6c69622f707974686f6e332e382f736974652d7061636b616765732f646a616e676f2f64622f6d6f64656c732f71756572792e70795c222c206c696e65203633332c20696e206765745c6e202020206e756d203d206c656e28636c6f6e65295c6e202046696c65205c222f726f6f742f4164646974696f6e456475636174696f6e4170706c69636174696f6e2f6d795f76656e762f6c69622f707974686f6e332e382f736974652d7061636b616765732f646a616e676f2f64622f6d6f64656c732f71756572792e70795c222c206c696e65203338302c20696e205f5f6c656e5f5f5c6e2020202073656c662e5f66657463685f616c6c28295c6e202046696c65205c222f726f6f742f4164646974696f6e456475636174696f6e4170706c69636174696f6e2f6d795f76656e762f6c69622f707974686f6e332e382f736974652d7061636b616765732f646a616e676f2f64622f6d6f64656c732f71756572792e70795c222c206c696e6520313838312c20696e205f66657463685f616c6c5c6e2020202073656c662e5f726573756c745f6361636865203d206c6973742873656c662e5f6974657261626c655f636c6173732873656c6629295c6e202046696c65205c222f726f6f742f4164646974696f6e456475636174696f6e4170706c69636174696f6e2f6d795f76656e762f6c69622f707974686f6e332e382f736974652d7061636b616765732f646a616e676f2f64622f6d6f64656c732f71756572792e70795c222c206c696e652039312c20696e205f5f697465725f5f5c6e20202020726573756c7473203d20636f6d70696c65722e657865637574655f73716c285c6e202046696c65205c222f726f6f742f4164646974696f6e456475636174696f6e4170706c69636174696f6e2f6d795f76656e762f6c69622f707974686f6e332e382f736974652d7061636b616765732f646a616e676f2f64622f6d6f64656c732f73716c2f636f6d70696c65722e70795c222c206c696e6520313536302c20696e20657865637574655f73716c5c6e20202020637572736f72203d2073656c662e636f6e6e656374696f6e2e637572736f7228295c6e202046696c65205c222f726f6f742f4164646974696f6e456475636174696f6e4170706c69636174696f6e2f6d795f76656e762f6c69622f707974686f6e332e382f736974652d7061636b616765732f646a616e676f2f7574696c732f6173796e63696f2e70795c222c206c696e652032362c20696e20696e6e65725c6e2020202072657475726e2066756e63282a617267732c202a2a6b7761726773295c6e202046696c65205c222f726f6f742f4164646974696f6e456475636174696f6e4170706c69636174696f6e2f6d795f76656e762f6c69622f707974686f6e332e382f736974652d7061636b616765732f646a616e676f2f64622f6261636b656e64732f626173652f626173652e70795c222c206c696e65203333302c20696e20637572736f725c6e2020202072657475726e2073656c662e5f637572736f7228295c6e202046696c65205c222f726f6f742f4164646974696f6e456475636174696f6e4170706c69636174696f6e2f6d795f76656e762f6c69622f707974686f6e332e382f736974652d7061636b616765732f646a616e676f2f64622f6261636b656e64732f626173652f626173652e70795c222c206c696e65203330362c20696e205f637572736f725c6e2020202073656c662e656e737572655f636f6e6e656374696f6e28295c6e202046696c65205c222f726f6f742f4164646974696f6e456475636174696f6e4170706c69636174696f6e2f6d795f76656e762f6c69622f707974686f6e332e382f736974652d7061636b616765732f646a616e676f2f7574696c732f6173796e63696f2e70795c222c206c696e652032362c20696e20696e6e65725c6e2020202072657475726e2066756e63282a617267732c202a2a6b7761726773295c6e202046696c65205c222f726f6f742f4164646974696f6e456475636174696f6e4170706c69636174696f6e2f6d795f76656e762f6c69622f707974686f6e332e382f736974652d7061636b616765732f646a616e676f2f64622f6261636b656e64732f626173652f626173652e70795c222c206c696e65203238392c20696e20656e737572655f636f6e6e656374696f6e5c6e2020202073656c662e636f6e6e65637428295c6e202046696c65205c222f726f6f742f4164646974696f6e456475636174696f6e4170706c69636174696f6e2f6d795f76656e762f6c69622f707974686f6e332e382f736974652d7061636b616765732f646a616e676f2f64622f7574696c732e70795c222c206c696e652039312c20696e205f5f657869745f5f5c6e20202020726169736520646a5f6578635f76616c75652e776974685f74726163656261636b2874726163656261636b292066726f6d206578635f76616c75655c6e202046696c65205c222f726f6f742f4164646974696f6e456475636174696f6e4170706c69636174696f6e2f6d795f76656e762f6c69622f707974686f6e332e382f736974652d7061636b616765732f646a616e676f2f64622f6261636b656e64732f626173652f626173652e70795c222c206c696e65203238392c20696e20656e737572655f636f6e6e656374696f6e5c6e2020202073656c662e636f6e6e65637428295c6e202046696c65205c222f726f6f742f4164646974696f6e456475636174696f6e4170706c69636174696f6e2f6d795f76656e762f6c69622f707974686f6e332e382f736974652d7061636b616765732f646a616e676f2f7574696c732f6173796e63696f2e70795c222c206c696e652032362c20696e20696e6e65725c6e2020202072657475726e2066756e63282a617267732c202a2a6b7761726773295c6e202046696c65205c222f726f6f742f4164646974696f6e456475636174696f6e4170706c69636174696f6e2f6d795f76656e762f6c69622f707974686f6e332e382f736974652d7061636b616765732f646a616e676f2f64622f6261636b656e64732f626173652f626173652e70795c222c206c696e65203237302c20696e20636f6e6e6563745c6e2020202073656c662e636f6e6e656374696f6e203d2073656c662e6765745f6e65775f636f6e6e656374696f6e28636f6e6e5f706172616d73295c6e202046696c65205c222f726f6f742f4164646974696f6e456475636174696f6e4170706c69636174696f6e2f6d795f76656e762f6c69622f707974686f6e332e382f736974652d7061636b616765732f646a616e676f2f7574696c732f6173796e63696f2e70795c222c206c696e652032362c20696e20696e6e65725c6e2020202072657475726e2066756e63282a617267732c202a2a6b7761726773295c6e202046696c65205c222f726f6f742f4164646974696f6e456475636174696f6e4170706c69636174696f6e2f6d795f76656e762f6c69622f707974686f6e332e382f736974652d7061636b616765732f646a616e676f2f64622f6261636b656e64732f706f737467726573716c2f626173652e70795c222c206c696e65203237352c20696e206765745f6e65775f636f6e6e656374696f6e5c6e20202020636f6e6e656374696f6e203d2073656c662e44617461626173652e636f6e6e656374282a2a636f6e6e5f706172616d73295c6e202046696c65205c222f726f6f742f4164646974696f6e456475636174696f6e4170706c69636174696f6e2f6d795f76656e762f6c69622f707974686f6e332e382f736974652d7061636b616765732f707379636f7067322f5f5f696e69745f5f2e70795c222c206c696e65203132322c20696e20636f6e6e6563745c6e20202020636f6e6e203d205f636f6e6e6563742864736e2c20636f6e6e656374696f6e5f666163746f72793d636f6e6e656374696f6e5f666163746f72792c202a2a6b776173796e63295c6e646a616e676f2e64622e7574696c732e4f7065726174696f6e616c4572726f723a20464154414c3a202070617373776f72642061757468656e7469636174696f6e206661696c656420666f722075736572205c22706f7374677265735c225c6e464154414c3a202070617373776f72642061757468656e7469636174696f6e206661696c656420666f722075736572205c22706f7374677265735c225c6e5c6e222c2272657472696573223a327d2c226d6573736167655f6964223a2233346634643466352d363438332d346632392d626536322d326438646263613232633132222c226d6573736167655f74696d657374616d70223a313732383134333131353039357d	set_event	default
ec39401d-9273-48a7-bec3-c502a972a87b	done	2024-10-05 18:47:24.175847+03	2024-10-05 18:48:24.003129+03	\\x7b2271756575655f6e616d65223a2264656661756c74222c226163746f725f6e616d65223a22747265655f70726f6772657373222c2261726773223a5b31325d2c226b7761726773223a7b7d2c226f7074696f6e73223a7b2272656469735f6d6573736167655f6964223a2238626234653366352d636563332d343564662d383037352d636164333736623439356230222c2274726163656261636b223a2254726163656261636b20286d6f737420726563656e742063616c6c206c617374293a5c6e202046696c65205c222f726f6f742f4164646974696f6e456475636174696f6e4170706c69636174696f6e2f6d795f76656e762f6c69622f707974686f6e332e382f736974652d7061636b616765732f646a616e676f2f64622f6261636b656e64732f626173652f626173652e70795c222c206c696e65203238392c20696e20656e737572655f636f6e6e656374696f6e5c6e2020202073656c662e636f6e6e65637428295c6e202046696c65205c222f726f6f742f4164646974696f6e456475636174696f6e4170706c69636174696f6e2f6d795f76656e762f6c69622f707974686f6e332e382f736974652d7061636b616765732f646a616e676f2f7574696c732f6173796e63696f2e70795c222c206c696e652032362c20696e20696e6e65725c6e2020202072657475726e2066756e63282a617267732c202a2a6b7761726773295c6e202046696c65205c222f726f6f742f4164646974696f6e456475636174696f6e4170706c69636174696f6e2f6d795f76656e762f6c69622f707974686f6e332e382f736974652d7061636b616765732f646a616e676f2f64622f6261636b656e64732f626173652f626173652e70795c222c206c696e65203237302c20696e20636f6e6e6563745c6e2020202073656c662e636f6e6e656374696f6e203d2073656c662e6765745f6e65775f636f6e6e656374696f6e28636f6e6e5f706172616d73295c6e202046696c65205c222f726f6f742f4164646974696f6e456475636174696f6e4170706c69636174696f6e2f6d795f76656e762f6c69622f707974686f6e332e382f736974652d7061636b616765732f646a616e676f2f7574696c732f6173796e63696f2e70795c222c206c696e652032362c20696e20696e6e65725c6e2020202072657475726e2066756e63282a617267732c202a2a6b7761726773295c6e202046696c65205c222f726f6f742f4164646974696f6e456475636174696f6e4170706c69636174696f6e2f6d795f76656e762f6c69622f707974686f6e332e382f736974652d7061636b616765732f646a616e676f2f64622f6261636b656e64732f706f737467726573716c2f626173652e70795c222c206c696e65203237352c20696e206765745f6e65775f636f6e6e656374696f6e5c6e20202020636f6e6e656374696f6e203d2073656c662e44617461626173652e636f6e6e656374282a2a636f6e6e5f706172616d73295c6e202046696c65205c222f726f6f742f4164646974696f6e456475636174696f6e4170706c69636174696f6e2f6d795f76656e762f6c69622f707974686f6e332e382f736974652d7061636b616765732f707379636f7067322f5f5f696e69745f5f2e70795c222c206c696e65203132322c20696e20636f6e6e6563745c6e20202020636f6e6e203d205f636f6e6e6563742864736e2c20636f6e6e656374696f6e5f666163746f72793d636f6e6e656374696f6e5f666163746f72792c202a2a6b776173796e63295c6e707379636f7067322e4f7065726174696f6e616c4572726f723a20464154414c3a202070617373776f72642061757468656e7469636174696f6e206661696c656420666f722075736572205c22706f7374677265735c225c6e464154414c3a202070617373776f72642061757468656e7469636174696f6e206661696c656420666f722075736572205c22706f7374677265735c225c6e5c6e5c6e5468652061626f766520657863657074696f6e207761732074686520646972656374206361757365206f662074686520666f6c6c6f77696e6720657863657074696f6e3a5c6e5c6e54726163656261636b20286d6f737420726563656e742063616c6c206c617374293a5c6e202046696c65205c222f726f6f742f4164646974696f6e456475636174696f6e4170706c69636174696f6e2f6d795f76656e762f6c69622f707974686f6e332e382f736974652d7061636b616765732f6472616d617469712f776f726b65722e70795c222c206c696e65203438372c20696e2070726f636573735f6d6573736167655c6e20202020726573203d206163746f72282a6d6573736167652e617267732c202a2a6d6573736167652e6b7761726773295c6e202046696c65205c222f726f6f742f4164646974696f6e456475636174696f6e4170706c69636174696f6e2f6d795f76656e762f6c69622f707974686f6e332e382f736974652d7061636b616765732f6472616d617469712f6163746f722e70795c222c206c696e65203138322c20696e205f5f63616c6c5f5f5c6e2020202072657475726e2073656c662e666e282a617267732c202a2a6b7761726773295c6e202046696c65205c222f726f6f742f4164646974696f6e456475636174696f6e4170706c69636174696f6e2f4164644564754170702f2e2f757365725f70726f66696c652f7461736b732e70795c222c206c696e652032312c20696e20747265655f70726f67726573735c6e2020202073747564656e74203d2053747564656e7450726f66696c652e6f626a656374732e67657428706b3d73747564656e745f706b295c6e202046696c65205c222f726f6f742f4164646974696f6e456475636174696f6e4170706c69636174696f6e2f6d795f76656e762f6c69622f707974686f6e332e382f736974652d7061636b616765732f646a616e676f2f64622f6d6f64656c732f6d616e616765722e70795c222c206c696e652038372c20696e206d616e616765725f6d6574686f645c6e2020202072657475726e20676574617474722873656c662e6765745f717565727973657428292c206e616d6529282a617267732c202a2a6b7761726773295c6e202046696c65205c222f726f6f742f4164646974696f6e456475636174696f6e4170706c69636174696f6e2f6d795f76656e762f6c69622f707974686f6e332e382f736974652d7061636b616765732f646a616e676f2f64622f6d6f64656c732f71756572792e70795c222c206c696e65203633332c20696e206765745c6e202020206e756d203d206c656e28636c6f6e65295c6e202046696c65205c222f726f6f742f4164646974696f6e456475636174696f6e4170706c69636174696f6e2f6d795f76656e762f6c69622f707974686f6e332e382f736974652d7061636b616765732f646a616e676f2f64622f6d6f64656c732f71756572792e70795c222c206c696e65203338302c20696e205f5f6c656e5f5f5c6e2020202073656c662e5f66657463685f616c6c28295c6e202046696c65205c222f726f6f742f4164646974696f6e456475636174696f6e4170706c69636174696f6e2f6d795f76656e762f6c69622f707974686f6e332e382f736974652d7061636b616765732f646a616e676f2f64622f6d6f64656c732f71756572792e70795c222c206c696e6520313838312c20696e205f66657463685f616c6c5c6e2020202073656c662e5f726573756c745f6361636865203d206c6973742873656c662e5f6974657261626c655f636c6173732873656c6629295c6e202046696c65205c222f726f6f742f4164646974696f6e456475636174696f6e4170706c69636174696f6e2f6d795f76656e762f6c69622f707974686f6e332e382f736974652d7061636b616765732f646a616e676f2f64622f6d6f64656c732f71756572792e70795c222c206c696e652039312c20696e205f5f697465725f5f5c6e20202020726573756c7473203d20636f6d70696c65722e657865637574655f73716c285c6e202046696c65205c222f726f6f742f4164646974696f6e456475636174696f6e4170706c69636174696f6e2f6d795f76656e762f6c69622f707974686f6e332e382f736974652d7061636b616765732f646a616e676f2f64622f6d6f64656c732f73716c2f636f6d70696c65722e70795c222c206c696e6520313536302c20696e20657865637574655f73716c5c6e20202020637572736f72203d2073656c662e636f6e6e656374696f6e2e637572736f7228295c6e202046696c65205c222f726f6f742f4164646974696f6e456475636174696f6e4170706c69636174696f6e2f6d795f76656e762f6c69622f707974686f6e332e382f736974652d7061636b616765732f646a616e676f2f7574696c732f6173796e63696f2e70795c222c206c696e652032362c20696e20696e6e65725c6e2020202072657475726e2066756e63282a617267732c202a2a6b7761726773295c6e202046696c65205c222f726f6f742f4164646974696f6e456475636174696f6e4170706c69636174696f6e2f6d795f76656e762f6c69622f707974686f6e332e382f736974652d7061636b616765732f646a616e676f2f64622f6261636b656e64732f626173652f626173652e70795c222c206c696e65203333302c20696e20637572736f725c6e2020202072657475726e2073656c662e5f637572736f7228295c6e202046696c65205c222f726f6f742f4164646974696f6e456475636174696f6e4170706c69636174696f6e2f6d795f76656e762f6c69622f707974686f6e332e382f736974652d7061636b616765732f646a616e676f2f64622f6261636b656e64732f626173652f626173652e70795c222c206c696e65203330362c20696e205f637572736f725c6e2020202073656c662e656e737572655f636f6e6e656374696f6e28295c6e202046696c65205c222f726f6f742f4164646974696f6e456475636174696f6e4170706c69636174696f6e2f6d795f76656e762f6c69622f707974686f6e332e382f736974652d7061636b616765732f646a616e676f2f7574696c732f6173796e63696f2e70795c222c206c696e652032362c20696e20696e6e65725c6e2020202072657475726e2066756e63282a617267732c202a2a6b7761726773295c6e202046696c65205c222f726f6f742f4164646974696f6e456475636174696f6e4170706c69636174696f6e2f6d795f76656e762f6c69622f707974686f6e332e382f736974652d7061636b616765732f646a616e676f2f64622f6261636b656e64732f626173652f626173652e70795c222c206c696e65203238392c20696e20656e737572655f636f6e6e656374696f6e5c6e2020202073656c662e636f6e6e65637428295c6e202046696c65205c222f726f6f742f4164646974696f6e456475636174696f6e4170706c69636174696f6e2f6d795f76656e762f6c69622f707974686f6e332e382f736974652d7061636b616765732f646a616e676f2f64622f7574696c732e70795c222c206c696e652039312c20696e205f5f657869745f5f5c6e20202020726169736520646a5f6578635f76616c75652e776974685f74726163656261636b2874726163656261636b292066726f6d206578635f76616c75655c6e202046696c65205c222f726f6f742f4164646974696f6e456475636174696f6e4170706c69636174696f6e2f6d795f76656e762f6c69622f707974686f6e332e382f736974652d7061636b616765732f646a616e676f2f64622f6261636b656e64732f626173652f626173652e70795c222c206c696e65203238392c20696e20656e737572655f636f6e6e656374696f6e5c6e2020202073656c662e636f6e6e65637428295c6e202046696c65205c222f726f6f742f4164646974696f6e456475636174696f6e4170706c69636174696f6e2f6d795f76656e762f6c69622f707974686f6e332e382f736974652d7061636b616765732f646a616e676f2f7574696c732f6173796e63696f2e70795c222c206c696e652032362c20696e20696e6e65725c6e2020202072657475726e2066756e63282a617267732c202a2a6b7761726773295c6e202046696c65205c222f726f6f742f4164646974696f6e456475636174696f6e4170706c69636174696f6e2f6d795f76656e762f6c69622f707974686f6e332e382f736974652d7061636b616765732f646a616e676f2f64622f6261636b656e64732f626173652f626173652e70795c222c206c696e65203237302c20696e20636f6e6e6563745c6e2020202073656c662e636f6e6e656374696f6e203d2073656c662e6765745f6e65775f636f6e6e656374696f6e28636f6e6e5f706172616d73295c6e202046696c65205c222f726f6f742f4164646974696f6e456475636174696f6e4170706c69636174696f6e2f6d795f76656e762f6c69622f707974686f6e332e382f736974652d7061636b616765732f646a616e676f2f7574696c732f6173796e63696f2e70795c222c206c696e652032362c20696e20696e6e65725c6e2020202072657475726e2066756e63282a617267732c202a2a6b7761726773295c6e202046696c65205c222f726f6f742f4164646974696f6e456475636174696f6e4170706c69636174696f6e2f6d795f76656e762f6c69622f707974686f6e332e382f736974652d7061636b616765732f646a616e676f2f64622f6261636b656e64732f706f737467726573716c2f626173652e70795c222c206c696e65203237352c20696e206765745f6e65775f636f6e6e656374696f6e5c6e20202020636f6e6e656374696f6e203d2073656c662e44617461626173652e636f6e6e656374282a2a636f6e6e5f706172616d73295c6e202046696c65205c222f726f6f742f4164646974696f6e456475636174696f6e4170706c69636174696f6e2f6d795f76656e762f6c69622f707974686f6e332e382f736974652d7061636b616765732f707379636f7067322f5f5f696e69745f5f2e70795c222c206c696e65203132322c20696e20636f6e6e6563745c6e20202020636f6e6e203d205f636f6e6e6563742864736e2c20636f6e6e656374696f6e5f666163746f72793d636f6e6e656374696f6e5f666163746f72792c202a2a6b776173796e63295c6e646a616e676f2e64622e7574696c732e4f7065726174696f6e616c4572726f723a20464154414c3a202070617373776f72642061757468656e7469636174696f6e206661696c656420666f722075736572205c22706f7374677265735c225c6e464154414c3a202070617373776f72642061757468656e7469636174696f6e206661696c656420666f722075736572205c22706f7374677265735c225c6e5c6e222c2272657472696573223a327d2c226d6573736167655f6964223a2265633339343031642d393237332d343861372d626563332d633530326139373261383762222c226d6573736167655f74696d657374616d70223a313732383134333234343136397d	tree_progress	default
62be4a03-9754-4050-a059-ecd6ec869482	done	2024-10-05 18:48:23.991791+03	2024-10-05 18:49:41.014919+03	\\x7b2271756575655f6e616d65223a2264656661756c74222c226163746f725f6e616d65223a227365745f6576656e74222c2261726773223a5b31322c315d2c226b7761726773223a7b7d2c226f7074696f6e73223a7b2272656469735f6d6573736167655f6964223a2234383434356539642d633563652d343234352d393431302d386139323338396362643866222c2274726163656261636b223a2254726163656261636b20286d6f737420726563656e742063616c6c206c617374293a5c6e202046696c65205c222f726f6f742f4164646974696f6e456475636174696f6e4170706c69636174696f6e2f6d795f76656e762f6c69622f707974686f6e332e382f736974652d7061636b616765732f646a616e676f2f64622f6261636b656e64732f626173652f626173652e70795c222c206c696e65203238392c20696e20656e737572655f636f6e6e656374696f6e5c6e2020202073656c662e636f6e6e65637428295c6e202046696c65205c222f726f6f742f4164646974696f6e456475636174696f6e4170706c69636174696f6e2f6d795f76656e762f6c69622f707974686f6e332e382f736974652d7061636b616765732f646a616e676f2f7574696c732f6173796e63696f2e70795c222c206c696e652032362c20696e20696e6e65725c6e2020202072657475726e2066756e63282a617267732c202a2a6b7761726773295c6e202046696c65205c222f726f6f742f4164646974696f6e456475636174696f6e4170706c69636174696f6e2f6d795f76656e762f6c69622f707974686f6e332e382f736974652d7061636b616765732f646a616e676f2f64622f6261636b656e64732f626173652f626173652e70795c222c206c696e65203237302c20696e20636f6e6e6563745c6e2020202073656c662e636f6e6e656374696f6e203d2073656c662e6765745f6e65775f636f6e6e656374696f6e28636f6e6e5f706172616d73295c6e202046696c65205c222f726f6f742f4164646974696f6e456475636174696f6e4170706c69636174696f6e2f6d795f76656e762f6c69622f707974686f6e332e382f736974652d7061636b616765732f646a616e676f2f7574696c732f6173796e63696f2e70795c222c206c696e652032362c20696e20696e6e65725c6e2020202072657475726e2066756e63282a617267732c202a2a6b7761726773295c6e202046696c65205c222f726f6f742f4164646974696f6e456475636174696f6e4170706c69636174696f6e2f6d795f76656e762f6c69622f707974686f6e332e382f736974652d7061636b616765732f646a616e676f2f64622f6261636b656e64732f706f737467726573716c2f626173652e70795c222c206c696e65203237352c20696e206765745f6e65775f636f6e6e656374696f6e5c6e20202020636f6e6e656374696f6e203d2073656c662e44617461626173652e636f6e6e656374282a2a636f6e6e5f706172616d73295c6e202046696c65205c222f726f6f742f4164646974696f6e456475636174696f6e4170706c69636174696f6e2f6d795f76656e762f6c69622f707974686f6e332e382f736974652d7061636b616765732f707379636f7067322f5f5f696e69745f5f2e70795c222c206c696e65203132322c20696e20636f6e6e6563745c6e20202020636f6e6e203d205f636f6e6e6563742864736e2c20636f6e6e656374696f6e5f666163746f72793d636f6e6e656374696f6e5f666163746f72792c202a2a6b776173796e63295c6e707379636f7067322e4f7065726174696f6e616c4572726f723a20464154414c3a202070617373776f72642061757468656e7469636174696f6e206661696c656420666f722075736572205c22706f7374677265735c225c6e464154414c3a202070617373776f72642061757468656e7469636174696f6e206661696c656420666f722075736572205c22706f7374677265735c225c6e5c6e5c6e5468652061626f766520657863657074696f6e207761732074686520646972656374206361757365206f662074686520666f6c6c6f77696e6720657863657074696f6e3a5c6e5c6e54726163656261636b20286d6f737420726563656e742063616c6c206c617374293a5c6e202046696c65205c222f726f6f742f4164646974696f6e456475636174696f6e4170706c69636174696f6e2f6d795f76656e762f6c69622f707974686f6e332e382f736974652d7061636b616765732f6472616d617469712f776f726b65722e70795c222c206c696e65203438372c20696e2070726f636573735f6d6573736167655c6e20202020726573203d206163746f72282a6d6573736167652e617267732c202a2a6d6573736167652e6b7761726773295c6e202046696c65205c222f726f6f742f4164646974696f6e456475636174696f6e4170706c69636174696f6e2f6d795f76656e762f6c69622f707974686f6e332e382f736974652d7061636b616765732f6472616d617469712f6163746f722e70795c222c206c696e65203138322c20696e205f5f63616c6c5f5f5c6e2020202072657475726e2073656c662e666e282a617267732c202a2a6b7761726773295c6e202046696c65205c222f726f6f742f4164646974696f6e456475636174696f6e4170706c69636174696f6e2f4164644564754170702f2e2f757365725f70726f66696c652f7461736b732e70795c222c206c696e652034342c20696e207365745f6576656e745c6e2020202073747564656e74203d2053747564656e7450726f66696c652e6f626a656374732e67657428706b3d73747564656e745f706b295c6e202046696c65205c222f726f6f742f4164646974696f6e456475636174696f6e4170706c69636174696f6e2f6d795f76656e762f6c69622f707974686f6e332e382f736974652d7061636b616765732f646a616e676f2f64622f6d6f64656c732f6d616e616765722e70795c222c206c696e652038372c20696e206d616e616765725f6d6574686f645c6e2020202072657475726e20676574617474722873656c662e6765745f717565727973657428292c206e616d6529282a617267732c202a2a6b7761726773295c6e202046696c65205c222f726f6f742f4164646974696f6e456475636174696f6e4170706c69636174696f6e2f6d795f76656e762f6c69622f707974686f6e332e382f736974652d7061636b616765732f646a616e676f2f64622f6d6f64656c732f71756572792e70795c222c206c696e65203633332c20696e206765745c6e202020206e756d203d206c656e28636c6f6e65295c6e202046696c65205c222f726f6f742f4164646974696f6e456475636174696f6e4170706c69636174696f6e2f6d795f76656e762f6c69622f707974686f6e332e382f736974652d7061636b616765732f646a616e676f2f64622f6d6f64656c732f71756572792e70795c222c206c696e65203338302c20696e205f5f6c656e5f5f5c6e2020202073656c662e5f66657463685f616c6c28295c6e202046696c65205c222f726f6f742f4164646974696f6e456475636174696f6e4170706c69636174696f6e2f6d795f76656e762f6c69622f707974686f6e332e382f736974652d7061636b616765732f646a616e676f2f64622f6d6f64656c732f71756572792e70795c222c206c696e6520313838312c20696e205f66657463685f616c6c5c6e2020202073656c662e5f726573756c745f6361636865203d206c6973742873656c662e5f6974657261626c655f636c6173732873656c6629295c6e202046696c65205c222f726f6f742f4164646974696f6e456475636174696f6e4170706c69636174696f6e2f6d795f76656e762f6c69622f707974686f6e332e382f736974652d7061636b616765732f646a616e676f2f64622f6d6f64656c732f71756572792e70795c222c206c696e652039312c20696e205f5f697465725f5f5c6e20202020726573756c7473203d20636f6d70696c65722e657865637574655f73716c285c6e202046696c65205c222f726f6f742f4164646974696f6e456475636174696f6e4170706c69636174696f6e2f6d795f76656e762f6c69622f707974686f6e332e382f736974652d7061636b616765732f646a616e676f2f64622f6d6f64656c732f73716c2f636f6d70696c65722e70795c222c206c696e6520313536302c20696e20657865637574655f73716c5c6e20202020637572736f72203d2073656c662e636f6e6e656374696f6e2e637572736f7228295c6e202046696c65205c222f726f6f742f4164646974696f6e456475636174696f6e4170706c69636174696f6e2f6d795f76656e762f6c69622f707974686f6e332e382f736974652d7061636b616765732f646a616e676f2f7574696c732f6173796e63696f2e70795c222c206c696e652032362c20696e20696e6e65725c6e2020202072657475726e2066756e63282a617267732c202a2a6b7761726773295c6e202046696c65205c222f726f6f742f4164646974696f6e456475636174696f6e4170706c69636174696f6e2f6d795f76656e762f6c69622f707974686f6e332e382f736974652d7061636b616765732f646a616e676f2f64622f6261636b656e64732f626173652f626173652e70795c222c206c696e65203333302c20696e20637572736f725c6e2020202072657475726e2073656c662e5f637572736f7228295c6e202046696c65205c222f726f6f742f4164646974696f6e456475636174696f6e4170706c69636174696f6e2f6d795f76656e762f6c69622f707974686f6e332e382f736974652d7061636b616765732f646a616e676f2f64622f6261636b656e64732f626173652f626173652e70795c222c206c696e65203330362c20696e205f637572736f725c6e2020202073656c662e656e737572655f636f6e6e656374696f6e28295c6e202046696c65205c222f726f6f742f4164646974696f6e456475636174696f6e4170706c69636174696f6e2f6d795f76656e762f6c69622f707974686f6e332e382f736974652d7061636b616765732f646a616e676f2f7574696c732f6173796e63696f2e70795c222c206c696e652032362c20696e20696e6e65725c6e2020202072657475726e2066756e63282a617267732c202a2a6b7761726773295c6e202046696c65205c222f726f6f742f4164646974696f6e456475636174696f6e4170706c69636174696f6e2f6d795f76656e762f6c69622f707974686f6e332e382f736974652d7061636b616765732f646a616e676f2f64622f6261636b656e64732f626173652f626173652e70795c222c206c696e65203238392c20696e20656e737572655f636f6e6e656374696f6e5c6e2020202073656c662e636f6e6e65637428295c6e202046696c65205c222f726f6f742f4164646974696f6e456475636174696f6e4170706c69636174696f6e2f6d795f76656e762f6c69622f707974686f6e332e382f736974652d7061636b616765732f646a616e676f2f64622f7574696c732e70795c222c206c696e652039312c20696e205f5f657869745f5f5c6e20202020726169736520646a5f6578635f76616c75652e776974685f74726163656261636b2874726163656261636b292066726f6d206578635f76616c75655c6e202046696c65205c222f726f6f742f4164646974696f6e456475636174696f6e4170706c69636174696f6e2f6d795f76656e762f6c69622f707974686f6e332e382f736974652d7061636b616765732f646a616e676f2f64622f6261636b656e64732f626173652f626173652e70795c222c206c696e65203238392c20696e20656e737572655f636f6e6e656374696f6e5c6e2020202073656c662e636f6e6e65637428295c6e202046696c65205c222f726f6f742f4164646974696f6e456475636174696f6e4170706c69636174696f6e2f6d795f76656e762f6c69622f707974686f6e332e382f736974652d7061636b616765732f646a616e676f2f7574696c732f6173796e63696f2e70795c222c206c696e652032362c20696e20696e6e65725c6e2020202072657475726e2066756e63282a617267732c202a2a6b7761726773295c6e202046696c65205c222f726f6f742f4164646974696f6e456475636174696f6e4170706c69636174696f6e2f6d795f76656e762f6c69622f707974686f6e332e382f736974652d7061636b616765732f646a616e676f2f64622f6261636b656e64732f626173652f626173652e70795c222c206c696e65203237302c20696e20636f6e6e6563745c6e2020202073656c662e636f6e6e656374696f6e203d2073656c662e6765745f6e65775f636f6e6e656374696f6e28636f6e6e5f706172616d73295c6e202046696c65205c222f726f6f742f4164646974696f6e456475636174696f6e4170706c69636174696f6e2f6d795f76656e762f6c69622f707974686f6e332e382f736974652d7061636b616765732f646a616e676f2f7574696c732f6173796e63696f2e70795c222c206c696e652032362c20696e20696e6e65725c6e2020202072657475726e2066756e63282a617267732c202a2a6b7761726773295c6e202046696c65205c222f726f6f742f4164646974696f6e456475636174696f6e4170706c69636174696f6e2f6d795f76656e762f6c69622f707974686f6e332e382f736974652d7061636b616765732f646a616e676f2f64622f6261636b656e64732f706f737467726573716c2f626173652e70795c222c206c696e65203237352c20696e206765745f6e65775f636f6e6e656374696f6e5c6e20202020636f6e6e656374696f6e203d2073656c662e44617461626173652e636f6e6e656374282a2a636f6e6e5f706172616d73295c6e202046696c65205c222f726f6f742f4164646974696f6e456475636174696f6e4170706c69636174696f6e2f6d795f76656e762f6c69622f707974686f6e332e382f736974652d7061636b616765732f707379636f7067322f5f5f696e69745f5f2e70795c222c206c696e65203132322c20696e20636f6e6e6563745c6e20202020636f6e6e203d205f636f6e6e6563742864736e2c20636f6e6e656374696f6e5f666163746f72793d636f6e6e656374696f6e5f666163746f72792c202a2a6b776173796e63295c6e646a616e676f2e64622e7574696c732e4f7065726174696f6e616c4572726f723a20464154414c3a202070617373776f72642061757468656e7469636174696f6e206661696c656420666f722075736572205c22706f7374677265735c225c6e464154414c3a202070617373776f72642061757468656e7469636174696f6e206661696c656420666f722075736572205c22706f7374677265735c225c6e5c6e222c2272657472696573223a317d2c226d6573736167655f6964223a2236326265346130332d393735342d343035302d613035392d656364366563383639343832222c226d6573736167655f74696d657374616d70223a313732383134333330333938387d	set_event	default
7e01b431-f70c-4001-a97f-91970339b036	done	2024-10-07 08:48:12.411402+03	2024-10-07 08:51:54.283954+03	\\x7b2271756575655f6e616d65223a2264656661756c74222c226163746f725f6e616d65223a22747265655f70726f6772657373222c2261726773223a5b31335d2c226b7761726773223a7b7d2c226f7074696f6e73223a7b2272656469735f6d6573736167655f6964223a2261613035313232632d356239622d343637642d626431642d643738333032336365656563222c2274726163656261636b223a2254726163656261636b20286d6f737420726563656e742063616c6c206c617374293a5c6e202046696c65205c222f726f6f742f4164646974696f6e456475636174696f6e4170706c69636174696f6e2f6d795f76656e762f6c69622f707974686f6e332e382f736974652d7061636b616765732f646a616e676f2f64622f6261636b656e64732f626173652f626173652e70795c222c206c696e65203238392c20696e20656e737572655f636f6e6e656374696f6e5c6e2020202073656c662e636f6e6e65637428295c6e202046696c65205c222f726f6f742f4164646974696f6e456475636174696f6e4170706c69636174696f6e2f6d795f76656e762f6c69622f707974686f6e332e382f736974652d7061636b616765732f646a616e676f2f7574696c732f6173796e63696f2e70795c222c206c696e652032362c20696e20696e6e65725c6e2020202072657475726e2066756e63282a617267732c202a2a6b7761726773295c6e202046696c65205c222f726f6f742f4164646974696f6e456475636174696f6e4170706c69636174696f6e2f6d795f76656e762f6c69622f707974686f6e332e382f736974652d7061636b616765732f646a616e676f2f64622f6261636b656e64732f626173652f626173652e70795c222c206c696e65203237302c20696e20636f6e6e6563745c6e2020202073656c662e636f6e6e656374696f6e203d2073656c662e6765745f6e65775f636f6e6e656374696f6e28636f6e6e5f706172616d73295c6e202046696c65205c222f726f6f742f4164646974696f6e456475636174696f6e4170706c69636174696f6e2f6d795f76656e762f6c69622f707974686f6e332e382f736974652d7061636b616765732f646a616e676f2f7574696c732f6173796e63696f2e70795c222c206c696e652032362c20696e20696e6e65725c6e2020202072657475726e2066756e63282a617267732c202a2a6b7761726773295c6e202046696c65205c222f726f6f742f4164646974696f6e456475636174696f6e4170706c69636174696f6e2f6d795f76656e762f6c69622f707974686f6e332e382f736974652d7061636b616765732f646a616e676f2f64622f6261636b656e64732f706f737467726573716c2f626173652e70795c222c206c696e65203237352c20696e206765745f6e65775f636f6e6e656374696f6e5c6e20202020636f6e6e656374696f6e203d2073656c662e44617461626173652e636f6e6e656374282a2a636f6e6e5f706172616d73295c6e202046696c65205c222f726f6f742f4164646974696f6e456475636174696f6e4170706c69636174696f6e2f6d795f76656e762f6c69622f707974686f6e332e382f736974652d7061636b616765732f707379636f7067322f5f5f696e69745f5f2e70795c222c206c696e65203132322c20696e20636f6e6e6563745c6e20202020636f6e6e203d205f636f6e6e6563742864736e2c20636f6e6e656374696f6e5f666163746f72793d636f6e6e656374696f6e5f666163746f72792c202a2a6b776173796e63295c6e707379636f7067322e4f7065726174696f6e616c4572726f723a20464154414c3a202070617373776f72642061757468656e7469636174696f6e206661696c656420666f722075736572205c22706f7374677265735c225c6e464154414c3a202070617373776f72642061757468656e7469636174696f6e206661696c656420666f722075736572205c22706f7374677265735c225c6e5c6e5c6e5468652061626f766520657863657074696f6e207761732074686520646972656374206361757365206f662074686520666f6c6c6f77696e6720657863657074696f6e3a5c6e5c6e54726163656261636b20286d6f737420726563656e742063616c6c206c617374293a5c6e202046696c65205c222f726f6f742f4164646974696f6e456475636174696f6e4170706c69636174696f6e2f6d795f76656e762f6c69622f707974686f6e332e382f736974652d7061636b616765732f6472616d617469712f776f726b65722e70795c222c206c696e65203438372c20696e2070726f636573735f6d6573736167655c6e20202020726573203d206163746f72282a6d6573736167652e617267732c202a2a6d6573736167652e6b7761726773295c6e202046696c65205c222f726f6f742f4164646974696f6e456475636174696f6e4170706c69636174696f6e2f6d795f76656e762f6c69622f707974686f6e332e382f736974652d7061636b616765732f6472616d617469712f6163746f722e70795c222c206c696e65203138322c20696e205f5f63616c6c5f5f5c6e2020202072657475726e2073656c662e666e282a617267732c202a2a6b7761726773295c6e202046696c65205c222f726f6f742f4164646974696f6e456475636174696f6e4170706c69636174696f6e2f4164644564754170702f2e2f757365725f70726f66696c652f7461736b732e70795c222c206c696e652032312c20696e20747265655f70726f67726573735c6e2020202073747564656e74203d2053747564656e7450726f66696c652e6f626a656374732e67657428706b3d73747564656e745f706b295c6e202046696c65205c222f726f6f742f4164646974696f6e456475636174696f6e4170706c69636174696f6e2f6d795f76656e762f6c69622f707974686f6e332e382f736974652d7061636b616765732f646a616e676f2f64622f6d6f64656c732f6d616e616765722e70795c222c206c696e652038372c20696e206d616e616765725f6d6574686f645c6e2020202072657475726e20676574617474722873656c662e6765745f717565727973657428292c206e616d6529282a617267732c202a2a6b7761726773295c6e202046696c65205c222f726f6f742f4164646974696f6e456475636174696f6e4170706c69636174696f6e2f6d795f76656e762f6c69622f707974686f6e332e382f736974652d7061636b616765732f646a616e676f2f64622f6d6f64656c732f71756572792e70795c222c206c696e65203633332c20696e206765745c6e202020206e756d203d206c656e28636c6f6e65295c6e202046696c65205c222f726f6f742f4164646974696f6e456475636174696f6e4170706c69636174696f6e2f6d795f76656e762f6c69622f707974686f6e332e382f736974652d7061636b616765732f646a616e676f2f64622f6d6f64656c732f71756572792e70795c222c206c696e65203338302c20696e205f5f6c656e5f5f5c6e2020202073656c662e5f66657463685f616c6c28295c6e202046696c65205c222f726f6f742f4164646974696f6e456475636174696f6e4170706c69636174696f6e2f6d795f76656e762f6c69622f707974686f6e332e382f736974652d7061636b616765732f646a616e676f2f64622f6d6f64656c732f71756572792e70795c222c206c696e6520313838312c20696e205f66657463685f616c6c5c6e2020202073656c662e5f726573756c745f6361636865203d206c6973742873656c662e5f6974657261626c655f636c6173732873656c6629295c6e202046696c65205c222f726f6f742f4164646974696f6e456475636174696f6e4170706c69636174696f6e2f6d795f76656e762f6c69622f707974686f6e332e382f736974652d7061636b616765732f646a616e676f2f64622f6d6f64656c732f71756572792e70795c222c206c696e652039312c20696e205f5f697465725f5f5c6e20202020726573756c7473203d20636f6d70696c65722e657865637574655f73716c285c6e202046696c65205c222f726f6f742f4164646974696f6e456475636174696f6e4170706c69636174696f6e2f6d795f76656e762f6c69622f707974686f6e332e382f736974652d7061636b616765732f646a616e676f2f64622f6d6f64656c732f73716c2f636f6d70696c65722e70795c222c206c696e6520313536302c20696e20657865637574655f73716c5c6e20202020637572736f72203d2073656c662e636f6e6e656374696f6e2e637572736f7228295c6e202046696c65205c222f726f6f742f4164646974696f6e456475636174696f6e4170706c69636174696f6e2f6d795f76656e762f6c69622f707974686f6e332e382f736974652d7061636b616765732f646a616e676f2f7574696c732f6173796e63696f2e70795c222c206c696e652032362c20696e20696e6e65725c6e2020202072657475726e2066756e63282a617267732c202a2a6b7761726773295c6e202046696c65205c222f726f6f742f4164646974696f6e456475636174696f6e4170706c69636174696f6e2f6d795f76656e762f6c69622f707974686f6e332e382f736974652d7061636b616765732f646a616e676f2f64622f6261636b656e64732f626173652f626173652e70795c222c206c696e65203333302c20696e20637572736f725c6e2020202072657475726e2073656c662e5f637572736f7228295c6e202046696c65205c222f726f6f742f4164646974696f6e456475636174696f6e4170706c69636174696f6e2f6d795f76656e762f6c69622f707974686f6e332e382f736974652d7061636b616765732f646a616e676f2f64622f6261636b656e64732f626173652f626173652e70795c222c206c696e65203330362c20696e205f637572736f725c6e2020202073656c662e656e737572655f636f6e6e656374696f6e28295c6e202046696c65205c222f726f6f742f4164646974696f6e456475636174696f6e4170706c69636174696f6e2f6d795f76656e762f6c69622f707974686f6e332e382f736974652d7061636b616765732f646a616e676f2f7574696c732f6173796e63696f2e70795c222c206c696e652032362c20696e20696e6e65725c6e2020202072657475726e2066756e63282a617267732c202a2a6b7761726773295c6e202046696c65205c222f726f6f742f4164646974696f6e456475636174696f6e4170706c69636174696f6e2f6d795f76656e762f6c69622f707974686f6e332e382f736974652d7061636b616765732f646a616e676f2f64622f6261636b656e64732f626173652f626173652e70795c222c206c696e65203238392c20696e20656e737572655f636f6e6e656374696f6e5c6e2020202073656c662e636f6e6e65637428295c6e202046696c65205c222f726f6f742f4164646974696f6e456475636174696f6e4170706c69636174696f6e2f6d795f76656e762f6c69622f707974686f6e332e382f736974652d7061636b616765732f646a616e676f2f64622f7574696c732e70795c222c206c696e652039312c20696e205f5f657869745f5f5c6e20202020726169736520646a5f6578635f76616c75652e776974685f74726163656261636b2874726163656261636b292066726f6d206578635f76616c75655c6e202046696c65205c222f726f6f742f4164646974696f6e456475636174696f6e4170706c69636174696f6e2f6d795f76656e762f6c69622f707974686f6e332e382f736974652d7061636b616765732f646a616e676f2f64622f6261636b656e64732f626173652f626173652e70795c222c206c696e65203238392c20696e20656e737572655f636f6e6e656374696f6e5c6e2020202073656c662e636f6e6e65637428295c6e202046696c65205c222f726f6f742f4164646974696f6e456475636174696f6e4170706c69636174696f6e2f6d795f76656e762f6c69622f707974686f6e332e382f736974652d7061636b616765732f646a616e676f2f7574696c732f6173796e63696f2e70795c222c206c696e652032362c20696e20696e6e65725c6e2020202072657475726e2066756e63282a617267732c202a2a6b7761726773295c6e202046696c65205c222f726f6f742f4164646974696f6e456475636174696f6e4170706c69636174696f6e2f6d795f76656e762f6c69622f707974686f6e332e382f736974652d7061636b616765732f646a616e676f2f64622f6261636b656e64732f626173652f626173652e70795c222c206c696e65203237302c20696e20636f6e6e6563745c6e2020202073656c662e636f6e6e656374696f6e203d2073656c662e6765745f6e65775f636f6e6e656374696f6e28636f6e6e5f706172616d73295c6e202046696c65205c222f726f6f742f4164646974696f6e456475636174696f6e4170706c69636174696f6e2f6d795f76656e762f6c69622f707974686f6e332e382f736974652d7061636b616765732f646a616e676f2f7574696c732f6173796e63696f2e70795c222c206c696e652032362c20696e20696e6e65725c6e2020202072657475726e2066756e63282a617267732c202a2a6b7761726773295c6e202046696c65205c222f726f6f742f4164646974696f6e456475636174696f6e4170706c69636174696f6e2f6d795f76656e762f6c69622f707974686f6e332e382f736974652d7061636b616765732f646a616e676f2f64622f6261636b656e64732f706f737467726573716c2f626173652e70795c222c206c696e65203237352c20696e206765745f6e65775f636f6e6e656374696f6e5c6e20202020636f6e6e656374696f6e203d2073656c662e44617461626173652e636f6e6e656374282a2a636f6e6e5f706172616d73295c6e202046696c65205c222f726f6f742f4164646974696f6e456475636174696f6e4170706c69636174696f6e2f6d795f76656e762f6c69622f707974686f6e332e382f736974652d7061636b616765732f707379636f7067322f5f5f696e69745f5f2e70795c222c206c696e65203132322c20696e20636f6e6e6563745c6e20202020636f6e6e203d205f636f6e6e6563742864736e2c20636f6e6e656374696f6e5f666163746f72793d636f6e6e656374696f6e5f666163746f72792c202a2a6b776173796e63295c6e646a616e676f2e64622e7574696c732e4f7065726174696f6e616c4572726f723a20464154414c3a202070617373776f72642061757468656e7469636174696f6e206661696c656420666f722075736572205c22706f7374677265735c225c6e464154414c3a202070617373776f72642061757468656e7469636174696f6e206661696c656420666f722075736572205c22706f7374677265735c225c6e5c6e222c2272657472696573223a347d2c226d6573736167655f6964223a2237653031623433312d663730632d343030312d613937662d393139373033333962303336222c226d6573736167655f74696d657374616d70223a313732383238303039323430347d	tree_progress	default
\.


--
-- Data for Name: django_migrations; Type: TABLE DATA; Schema: public; Owner: postgres
--

COPY public.django_migrations (id, app, name, applied) FROM stdin;
1	contenttypes	0001_initial	2024-09-03 23:42:45.043268+03
2	contenttypes	0002_remove_content_type_name	2024-09-03 23:42:45.062266+03
3	auth	0001_initial	2024-09-03 23:42:45.158264+03
4	auth	0002_alter_permission_name_max_length	2024-09-03 23:42:45.165299+03
5	auth	0003_alter_user_email_max_length	2024-09-03 23:42:45.172264+03
6	auth	0004_alter_user_username_opts	2024-09-03 23:42:45.179264+03
7	auth	0005_alter_user_last_login_null	2024-09-03 23:42:45.186264+03
8	auth	0006_require_contenttypes_0002	2024-09-03 23:42:45.189266+03
9	auth	0007_alter_validators_add_error_messages	2024-09-03 23:42:45.199267+03
10	auth	0008_alter_user_username_max_length	2024-09-03 23:42:45.208265+03
11	auth	0009_alter_user_last_name_max_length	2024-09-03 23:42:45.21827+03
12	auth	0010_alter_group_name_max_length	2024-09-03 23:42:45.245266+03
13	auth	0011_update_proxy_permissions	2024-09-03 23:42:45.260265+03
14	auth	0012_alter_user_first_name_max_length	2024-09-03 23:42:45.268275+03
15	accounts	0001_initial	2024-09-03 23:42:45.363264+03
16	accounts	0002_teachercode	2024-09-03 23:42:45.374268+03
17	achievments	0001_initial	2024-09-03 23:42:45.396235+03
18	achievments	0002_alter_achievements_pic	2024-09-03 23:42:45.400275+03
19	achievments	0003_alter_achievements_pic	2024-09-03 23:42:45.406265+03
20	achievments	0004_alter_achievements_pic	2024-09-03 23:42:45.410265+03
21	achievments	0005_alter_achievements_pic	2024-09-03 23:42:45.416266+03
22	achievments	0006_auto_20240724_1753	2024-09-03 23:42:45.452267+03
23	admin	0001_initial	2024-09-03 23:42:45.500238+03
24	admin	0002_logentry_remove_auto_add	2024-09-03 23:42:45.524267+03
25	admin	0003_logentry_add_action_flag_choices	2024-09-03 23:42:45.538265+03
26	shop	0001_initial	2024-09-03 23:42:45.553266+03
27	user_profile	0001_initial	2024-09-03 23:42:45.831071+03
28	calendar_app	0001_initial	2024-09-03 23:42:46.044615+03
29	django_dramatiq	0001_initial	2024-09-03 23:42:46.061659+03
30	django_dramatiq	0002_auto_20191104_1354	2024-09-03 23:42:46.081688+03
31	django_dramatiq	0003_auto_20200204_0842	2024-09-03 23:42:46.090759+03
32	sessions	0001_initial	2024-09-03 23:42:46.118733+03
33	shop	0002_auto_20240724_1751	2024-09-03 23:42:46.160758+03
34	user_profile	0002_remove_playerstatistics_longest_growth_cycle	2024-09-03 23:42:46.175733+03
35	user_profile	0003_attendance	2024-09-03 23:42:46.321698+03
36	user_profile	0004_alter_playerstatistics_coins_collected	2024-09-03 23:42:46.328759+03
37	user_profile	0005_tree_duration_tree_event_tree_start_time_and_more	2024-09-03 23:42:46.380761+03
38	user_profile	0006_alter_attendance_student	2024-09-03 23:42:46.407728+03
39	user_profile	0007_alter_studentprofile_options	2024-09-03 23:42:46.429864+03
40	user_profile	0008_alter_studentprofile_statistics_alter_tree_stage	2024-09-03 23:42:46.464909+03
41	user_profile	0009_alter_studentprofile_statistics_and_more	2024-09-03 23:42:46.52673+03
42	user_profile	0010_alter_tree_duration	2024-09-03 23:42:46.536731+03
43	user_profile	0011_alter_tree_duration	2024-09-03 23:42:46.550738+03
44	user_profile	0012_alter_tree_duration	2024-09-03 23:42:46.568764+03
45	user_profile	0013_treestatistics_drought_repulsed_and_more	2024-09-03 23:42:46.655728+03
46	webpush	0001_initial	2024-09-03 23:42:46.748758+03
47	webpush	0002_auto_20190603_0005	2024-09-03 23:42:46.75676+03
48	webpush	0003_subscriptioninfo_user_agent	2024-09-03 23:42:46.763699+03
49	webpush	0004_auto_20220831_1500	2024-09-03 23:42:46.964759+03
50	webpush	0005_auto_20230614_1529	2024-09-03 23:42:47.179759+03
51	accounts	0003_schoolname_alter_user_is_staff_admincode_and_more	2024-09-23 06:07:29.199182+03
52	user_profile	0014_mentorprofile_code_personalprofile	2024-09-23 06:07:29.298015+03
53	user_profile	0015_mentorprofile_school_personalprofile_school_and_more	2024-09-23 06:07:29.387148+03
54	webpush	0006_alter_subscriptioninfo_user_agent	2024-09-23 06:07:29.39222+03
55	calendar_app	0002_eventmarker	2024-09-29 11:38:56.369473+03
\.


--
-- Data for Name: django_session; Type: TABLE DATA; Schema: public; Owner: postgres
--

COPY public.django_session (session_key, session_data, expire_date) FROM stdin;
fr3aaplwfhzryty7e4b1r6l3ez65xios	.eJxVjMEOwiAQRP-FsyGAFhaP3vsNZBcWqRpISnsy_rtt0oNe5jDvzbxFwHUpYe08hymJq9Di9NsRxifXHaQH1nuTsdVlnkjuijxol2NL_Lod7t9BwV62dXZgDTLSYNFn1hAtO7-FgaT0WbkLOwJidtk7SN4ka4GUBgODssTi8wX2Ljf6:1slWeJ:ibWyHqE3dnpTMQ5y3rLfer2SNLD1n4XSdtXoA7glfWg	2024-09-17 23:44:59.03913+03
mtcr3s7e7ardqp94wv3i679v4f993f9h	.eJxVjDsOwjAQBe_iGln-ah1Kes5geb1rHECOFCdVxN1JpBTQvpl5m4hpXWpcO89xJHEVVlx-N0z5xe0A9EztMck8tWUeUR6KPGmX94n4fTvdv4Oaet1rA8CkKSiry6CNSsUCQ_FovCOltM0D-kCQ0WhIDhjRBbQEgXeoWHy-1Ao3lA:1slXck:wt-ObDkFRuLizJyeyjzXaaTyiabdxQrl8ZJtjEKW-Dg	2024-09-18 00:47:26.082087+03
kp8hzk80hfo2b843sxhda4l00w6ktkr6	.eJxVjMsOwiAQRf-FtSHQ4enSvd9AGAakaiAp7cr479qkC93ec859sRC3tYZt5CXMxM5Ms9PvhjE9ctsB3WO7dZ56W5cZ-a7wgw5-7ZSfl8P9O6hx1G9djBEkkgM7YQEpHCIVl5Uvk0QNBpQjq1PSFiV60kY5QRCjJ8hQULD3B-NzOAY:1slrFV:wSaot-egeOEsGuD7fcQJ2lDmWCwe867w_ZnP0QtDtZs	2024-09-18 21:44:45.986429+03
9vswdi3nqh9cvm00f4lmfh5qix5xx6jb	.eJxVjDEOwjAMRe-SGUU0KQ5mZO8ZIsd2SAE1UtNOiLtDpQ6w_vfef5lI61Li2nSOo5iLAXP43RLxQ6cNyJ2mW7Vcp2Uek90Uu9Nmhyr6vO7u30GhVr518KCIQucj5iCQszjs0YEH9p32zAmYJagjcImwQ8kCpBn9yQX1YN4f9yw4jA:1sltCb:9la1gs8r3cO39AAh8BGrEslXbT6JLPT0bR8QWTvqD-I	2024-09-18 23:49:53.082572+03
q39wbnwldewet94vgmsit304lgkidv5f	.eJxVjDsOwjAQBe_iGln-ah1Kes5geb1rHECOFCdVxN1JpBTQvpl5m4hpXWpcO89xJHEVVlx-N0z5xe0A9EztMck8tWUeUR6KPGmX94n4fTvdv4Oaet1rA8CkKSiry6CNSsUCQ_FovCOltM0D-kCQ0WhIDhjRBbQEgXeoWHy-1Ao3lA:1slu9C:B9ZHq5hyIrYv-e3bjHi-Kd9Mhq6m9ACiQ-TYNL3Xq0w	2024-09-19 00:50:26.959909+03
0jdr9k4th08l8dw1z7rrbn5xotibx7jh	.eJxVjMsOwiAQRf-FtSEDQym4dO83kBkeUjU0Ke3K-O_apAvd3nPOfYlA21rD1vMSpiTOQovT78YUH7ntIN2p3WYZ57YuE8tdkQft8jqn_Lwc7t9BpV6_NRuwZDJ7r0ZUAAoLMKAuRvvIbohmsFq7kqLSLo6Mjjyjt1BIAbIR7w--aTb4:1slX5t:nLZJIAFAw7ZWf9zJr1O29CpPcPcenQBw8TSXwmP3xKs	2024-09-18 00:13:29.093263+03
lsxz7fzycy2m0zd7b6vtwnhsd21o4etm	.eJxVjDsOwjAQBe_iGln-ah1Kes5geb1rHECOFCdVxN1JpBTQvpl5m4hpXWpcO89xJHEVVlx-N0z5xe0A9EztMck8tWUeUR6KPGmX94n4fTvdv4Oaet1rA8CkKSiry6CNSsUCQ_FovCOltM0D-kCQ0WhIDhjRBbQEgXeoWHy-1Ao3lA:1slYog:TGHtq5ZkzBFl7nXkIQO8AsNAIjq8cH6-nlka6MyCMq8	2024-09-18 02:03:50.227502+03
gk9mrhnwur5dzpwqy5yfbzkulc342b2k	.eJxVjEEOwiAQRe_C2hBggDIu3XsGMnQGWzVtUtqV8e7apAvd_vfef6lM2zrkrcmSR1ZnBer0uxXqHzLtgO803Wbdz9O6jEXvij5o09eZ5Xk53L-DgdrwrclUD9Q5CILWIUYfXWfBODGeIfokDk1loYAWUgGsEYi9AUEJybF6fwCuqja8:1swPvE:fNUWpaPASAWOwkoCWi97dxoxb2SWoBI857XAlPfft08	2024-10-17 20:47:28.397002+03
d6nag0ilpl6vj9w3ilsj56omtyq1r5c7	.eJyrVsrMK8ssSY1PL8ovLYjPTFGyMrTUQRXMS8xNVbJSiik1MDEyApHGpiDSxBBMGsUbKdUCAIRsFy0:1sxgW7:GxYkGAhGZ9U4rqUy24Q2ZbcvHWglKmX8LQVxDXp4iUg	2024-10-21 08:42:47.050659+03
2jtuge9426gxmbfme1aao70xa4rox2vy	.eJxVjDsOwjAQBe_iGlle_-KlpM8ZrF17IQGUSHFSIe4OkVJA-2bmvVSmbR3y1mTJY1VnBZ06_Y5M5SHTTuqdptusyzyty8h6V_RBm-7nKs_L4f4dDNSGb53QVQCShOItmIgWQzExJo_CPpKDaAFdCHx1BN51VTownCr5wKmwen8A1cg3HA:1swfqm:tKye05LVVkg8G71lLhykOQsFgojz8f_MXfdTDt0PgTQ	2024-10-18 13:47:56.492706+03
uxmv1tyjsqd05ybftw8roq12535q7rdu	.eJyrVsrMK8ssSY1PL8ovLYjPTFGyMjTTQRXMS8xNVbJSiik1MDEyApHGpiDSxBBMGinVAgBVzRaZ:1szzUA:BIi59ss2rGqYAdmNLw5I1hnqsvTb5hcWmVFS_hSdECg	2024-10-27 17:22:18.363327+03
e1lr6lh2xzwhbwl12u6lqr2o2my7dzzt	.eJxVjEEOwiAQRe_C2hBggDIu3XsGMnQGWzVtUtqV8e7apAvd_vfef6lM2zrkrcmSR1ZnBer0uxXqHzLtgO803Wbdz9O6jEXvij5o09eZ5Xk53L-DgdrwrclUD9Q5CILWIUYfXWfBODGeIfokDk1loYAWUgGsEYi9AUEJybF6fwCuqja8:1suy0H:LLyzVdbk2C2cdfOqjWydzXh3g-SPsSqQEKmJS8r2CKg	2024-10-13 20:46:41.65857+03
22gxzpgb0qml26jow855dedutginq8c2	.eJxVjEEOwiAQRe_C2hAG7CAu3XsGMjCDVA1NSrsy3l2bdKHb_977LxVpXWpcu8xxZHVWgOrwOybKD2kb4Tu126Tz1JZ5THpT9E67vk4sz8vu_h1U6vVbG5TMFnzyR-9MIBIrYBEDlAGN84MNxViXmdGFBCYDWk5yAijAhlm9P-yRN5A:1sxglz:HODgHhID7xKD2EfqNbJ_Kiocd2pt8G9EOJ_c1HmBXd8	2024-10-21 08:59:11.187553+03
uf8h42ed8b9zt041nvy1ubg13z2xf4yj	.eJxVjMsOwiAQRf-FtSE8BgGX7vsNZBhAqgaS0q6M_65NutDtPefcFwu4rTVsIy9hTuzCpGen3zEiPXLbSbpju3VOva3LHPmu8IMOPvWUn9fD_TuoOOq31mcC423RovioLJDMiYSlJJOSxhQDSE5ZgVJF0BGdLADWIRSdlVXA3h__3Dee:1sxhrG:phb34ARke4XkSc09JmPbZr3VSKvopSmkAwlAwpKcGuM	2024-10-21 10:08:42.352445+03
0ex3y0u4pyxb7dq75rm57ospfdv48cuq	.eJxVjEEOwiAQRe_C2hBggDIu3XsGMnQGWzVtUtqV8e7apAvd_vfef6lM2zrkrcmSR1ZnBer0uxXqHzLtgO803Wbdz9O6jEXvij5o09eZ5Xk53L-DgdrwrclUD9Q5CILWIUYfXWfBODGeIfokDk1loYAWUgGsEYi9AUEJybF6fwCuqja8:1ssiBq:5jv2c7q09PVFhYNPjVpGwBjcG9nc2EPBO6QCH6A9lII	2024-10-07 15:29:18.658875+03
opk9hk5fxhyruy79ruor99v6zn5qalqs	.eJxVjEEOwiAQRe_C2hAYQahL9z0DmWFAqoYmpV0Z725JutDl_-_lvUXAbS1ha2kJE4urACVOvydhfKbaCT-w3mcZ57ouE8muyIM2Oc6cXrfD_QsUbKV3rSevNCkAZ6wjTQMogkgGzgg5mx1G5TFeMmoE7dgNitGhdftmEJ8v4uU3oQ:1t002j:dkw3TpaFJhuEKq3Q7Xx9H5ArrW1qoocwD3QMHOC0Njk	2024-10-27 17:58:01.319332+03
317ietyn6ntkiwl6o75oslq8n8j7kg16	.eJxVjDkOwjAUBe_iGll28r1ASZ8zRH-xcQA5UpxUiLtDpBTQvpl5LzXitpZxa2kZJ1EX1Vl1-h0J-ZHqTuSO9TZrnuu6TKR3RR-06WGW9Lwe7t9BwVa-tc_ANlOOQtGD4Y4FbJBkAlpyHkhCNBDCWRxnEArClK0RF3vsEVC9PyYaOO0:1t16PW:uSmDwnHheSqshdNwSZTgKoYLwPuTnU3IWSjnSfdnW5U	2024-10-30 18:58:06.157272+03
44l77kkgg9pu3vlngn1h60ujoc3ln3oo	.eJxVjEEOwiAQRe_C2hBmKAVcuvcMZAZQqgaS0q6Md7dNutDtf--_twi0LiWsPc9hSuIsYBCn35EpPnPdSXpQvTcZW13mieWuyIN2eW0pvy6H-xco1Mv2Jq_YWkQPaJXnyMZ7RzCakdi6tIVc0h4ia7gB5QHQZIeYtSNto1Hi8wX1Kjef:1svc5T:Y-FFmVnO0I7AFBvNwPeJSyeUIQCCL2Ve5j0Eme8pzGM	2024-10-15 15:34:43.847326+03
ymfszw4bek24sce5ima1li5i88ef797i	.eJyrVsrMK8ssSY1PL8ovLYjPTFGyMjLUQRXMS8xNVbJSCi5JTc1RcNEL0nPVU6oFAFr6E6w:1t16QP:iIl3BZkxvHVcurHiXjbbSe0M_H8NTqBVMetiy5hOLOg	2024-10-30 18:59:01.258152+03
9xe9pe1irfpvj30cu18u38zobpr9qhd7	.eJxVjEEOwiAQRe_C2hAG7CAu3XsGMjCDVA1NSrsy3l2bdKHb_977LxVpXWpcu8xxZHVWgOrwOybKD2kb4Tu126Tz1JZ5THpT9E67vk4sz8vu_h1U6vVbG5TMFnzyR-9MIBIrYBEDlAGN84MNxViXmdGFBCYDWk5yAijAhlm9P-yRN5A:1t15zY:tn5yW614sQWXkdKVKv6NMcKgN5J_QunNcmAWsD-nXh4	2024-10-30 18:31:16.345397+03
qjylvdeitdvtgksiubg36ymtjboyhhnl	.eJxVjM0OwiAQhN-FsyG7ID969N5nIAtspWogKe3J-O62SQ96nPm-mbcItC4lrJ3nMGVxFejF6beMlJ5cd5IfVO9NplaXeYpyV-RBuxxa5tftcP8OCvWyrQGtBVbKu6zjqEEZw4lS1IbAwtkgQxqtzx4v2SmNoN0WiTmqhA6j-HwB7M83jQ:1sx708:K9ab4tytZM530ncu4GNC7GgR831ZCEsjWlVflGqL5qU	2024-10-19 18:47:24.177572+03
3avxy3xjla6l4aihe5yc3lrclbhwkcwg	.eJyrVsrMK8ssSY1PL8ovLYjPTFGyMrTUQRXMS8xNVbJSiik1MDEyApHGpiDSxBBMGsUbKdUCAIRsFy0:1sxgVZ:Qwzgs38VrboXzmqDP_Iqny5sATB1efoI086DQlK2VD8	2024-10-21 08:42:13.742051+03
peqem7rwkahhbe7smbg95u0pdfxgmbxw	.eJxVjEEOwiAQRe_C2hBggDIu3XsGMnQGWzVtUtqV8e7apAvd_vfef6lM2zrkrcmSR1ZnBer0uxXqHzLtgO803Wbdz9O6jEXvij5o09eZ5Xk53L-DgdrwrclUD9Q5CILWIUYfXWfBODGeIfokDk1loYAWUgGsEYi9AUEJybF6fwCuqja8:1t0ucW:VF5nbdG2xs2xBYhf8h43-uudk-g_jn7V0tUbNDXjLCE	2024-10-30 06:22:44.453759+03
fmvtndi48fwotvyu204k9hz93hbhjrol	.eJxVjMsOwiAQRf-FtSE8OiAu3fsNZIBBqgaS0q6M_y5NutDtOefeN_O4rcVvnRY_J3ZhEtjpFwaMT6q7SQ-s98Zjq-syB74n_LCd31qi1_Vo_w4K9jLWmoSbUMakMgCQPRtwYFUkcmG8GK20HjhIaYwK2QoUhDlNiJbQZsc-XwkaOJg:1swnpW:dWR45XGZ1ZIMXTOzIreS-Bw8o7S6aTnDuQhLlAUVycY	2024-10-18 22:19:10.375771+03
izr1b6v1w0zu24gfb3e1db2wbpo2gwxq	.eJxVjEEOwiAQRe_C2hAZyqAu3XsGMjCDVA1NSrsy3t2SdKG7n_9e3lsFWpcS1iZzGFldFIA6_J6R0lNqJ_ygep90muoyj1F3Re-06dvE8rru7l-gUCu9Swa8j955n80gyAhnawbHLC4jOjQZrI3bQIjMGwCb8unorAAjsfp8AeNpN3w:1t15q9:HHNEWA8u7fUKHsd6qTdnvz_atbN7WqR86iQMdz9DGqA	2024-10-30 18:21:33.415927+03
khwfscp67auq9ec05iksofwsu5rmohsq	.eJxVjEEOwiAQRe_C2hBggDIu3XsGMnQGWzVtUtqV8e7apAvd_vfef6lM2zrkrcmSR1ZnBer0uxXqHzLtgO803Wbdz9O6jEXvij5o09eZ5Xk53L-DgdrwrclUD9Q5CILWIUYfXWfBODGeIfokDk1loYAWUgGsEYi9AUEJybF6fwCuqja8:1t19eU:Ca2KFIGXcU_PLQwYnSXjZpjEMPGr6yqZoUO8bI3GPWw	2024-10-30 22:25:46.992195+03
\.


--
-- Data for Name: shop_buster; Type: TABLE DATA; Schema: public; Owner: postgres
--

COPY public.shop_buster (id, is_active, is_deleted, created_at, updated_at, title, description, cost, picture) FROM stdin;
1	t	f	2024-09-03 23:42:46.156731+03	2024-09-03 23:42:46.156731+03	Магический купол	спасает от наводнения	1	/busters/Magicdom.png
2	t	f	2024-09-03 23:42:46.156731+03	2024-09-03 23:42:46.156731+03	Ведро с водой	помогает при засухе	1	/busters/Waterbucket.png
3	t	f	2024-09-03 23:42:46.156731+03	2024-09-03 23:42:46.156731+03	Антимагнит	помогает при нападении инопланетян	1	/busters/Antimagnet.png
\.


--
-- Data for Name: user_profile_attendance; Type: TABLE DATA; Schema: public; Owner: postgres
--

COPY public.user_profile_attendance (id, dates, group_id, student_id) FROM stdin;
1	{2024-09-23,2024-09-26,2024-09-28,2024-09-29}	2	1
2	{2024-09-30}	5	8
3	{2024-09-30}	5	10
4	{2024-10-05,2024-10-13}	19	12
5	{2024-10-13}	19	13
\.


--
-- Data for Name: user_profile_counterofbusters; Type: TABLE DATA; Schema: public; Owner: postgres
--

COPY public.user_profile_counterofbusters (id, count, buster_id, student_id) FROM stdin;
2	2	2	1
3	2	3	1
1	3	1	1
4	2	1	2
5	2	2	2
6	2	3	2
9	1	3	3
7	1	1	3
8	1	2	3
11	2	2	4
10	1	1	4
12	0	3	4
13	2	1	5
14	2	2	5
15	2	3	5
16	2	1	6
17	2	2	6
18	2	3	6
19	2	1	7
20	2	2	7
21	2	3	7
22	2	1	8
23	2	2	8
24	2	3	8
25	2	1	9
26	2	2	9
27	2	3	9
28	2	1	10
29	2	2	10
30	2	3	10
32	2	2	11
33	2	3	11
31	1	1	11
35	2	2	12
36	1	3	12
34	1	1	12
37	2	1	13
38	2	2	13
39	2	3	13
40	2	1	14
41	2	2	14
42	2	3	14
\.


--
-- Data for Name: user_profile_group; Type: TABLE DATA; Schema: public; Owner: postgres
--

COPY public.user_profile_group (id, name) FROM stdin;
2	Группа 1
3	Группа 2
5	крутыши
6	Группа 2
7	1 группа
8	2 группа
9	3 Группа | Геймдизайн
14	Группа 3 | Крутыши
18	рандом
19	Тест_2
20	а
21	Steel D.R.E.
\.


--
-- Data for Name: user_profile_group_mentors; Type: TABLE DATA; Schema: public; Owner: postgres
--

COPY public.user_profile_group_mentors (id, group_id, mentorprofile_id) FROM stdin;
2	2	1
3	3	1
5	5	2
6	6	2
7	7	4
8	8	4
9	9	4
14	14	1
18	18	1
19	19	5
20	20	7
21	21	6
\.


--
-- Data for Name: user_profile_group_students; Type: TABLE DATA; Schema: public; Owner: postgres
--

COPY public.user_profile_group_students (id, group_id, studentprofile_id) FROM stdin;
2	5	9
3	5	8
4	5	10
5	18	1
6	14	1
7	19	12
8	19	13
\.


--
-- Data for Name: user_profile_mentorprofile; Type: TABLE DATA; Schema: public; Owner: postgres
--

COPY public.user_profile_mentorprofile (id, first_name, last_name, surname, photo, created_at, updated_at, user_id, code_id, school_id) FROM stdin;
1	Максим	Булайчик	\N		2024-09-04 00:29:46.992957+03	2024-09-04 00:29:46.992957+03	3	\N	\N
2	Профиль	Учителя	\N		2024-09-30 19:20:33.863181+03	2024-09-30 19:20:33.863195+03	11	\N	\N
3	Ольга	Пума	\N		2024-10-01 15:34:02.940261+03	2024-10-01 15:34:02.940278+03	14	\N	\N
4	Рина	Ситник	\N	profiles/Picsart_24-09-11_03-27-56-368.jpg	2024-10-02 21:21:15.854595+03	2024-10-02 21:22:49.593788+03	15	\N	\N
5	Геракл	Афанасов	\N	profiles/1000040574.jpg	2024-10-03 16:53:46.926188+03	2024-10-03 16:55:44.057183+03	16	\N	\N
6	Александр	Мартынов	\N	profiles/Саша_фото_для_гранта.jpg	2024-10-16 17:43:40.75864+03	2024-10-16 17:44:49.585872+03	21	\N	\N
7	Ирина	Проскурякова	\N		2024-10-16 18:11:46.325406+03	2024-10-16 18:11:46.325423+03	22	\N	\N
\.


--
-- Data for Name: user_profile_personalprofile; Type: TABLE DATA; Schema: public; Owner: postgres
--

COPY public.user_profile_personalprofile (id, first_name, last_name, surname, photo, created_at, updated_at, code_id, user_id, school_id) FROM stdin;
\.


--
-- Data for Name: user_profile_playerstatistics; Type: TABLE DATA; Schema: public; Owner: postgres
--

COPY public.user_profile_playerstatistics (id, coins_collected, rain_repelled, drought_repelled, ufo_repelled, trees_planted) FROM stdin;
1	0	0	0	0	0
2	0	0	0	0	0
3	60	0	0	0	0
4	100	0	0	0	0
5	0	0	0	0	0
6	20	0	0	0	0
7	0	0	0	0	0
9	0	0	0	0	0
10	0	0	0	0	0
8	20	0	0	0	0
11	20	0	0	0	0
12	40	0	0	0	0
13	0	0	0	0	0
14	0	0	0	0	0
\.


--
-- Data for Name: user_profile_studentprofile; Type: TABLE DATA; Schema: public; Owner: postgres
--

COPY public.user_profile_studentprofile (id, first_name, last_name, surname, photo, created_at, updated_at, balance, energy, statistics_id, user_id, tree_id, school_id) FROM stdin;
2	Наставник	Наставников	\N		2024-09-04 01:58:43.971702+03	2024-09-04 01:58:43.971702+03	0	0	2	4	\N	\N
3	выа	авп	\N		2024-09-04 03:31:02.125582+03	2024-09-04 03:59:29.033702+03	280	250	3	5	\N	\N
4	Ученик	Обыкновенный	\N		2024-09-04 21:19:36.282958+03	2024-09-04 21:38:38.145199+03	40	150	4	6	\N	\N
5	rand	random	\N		2024-09-23 06:20:03.546069+03	2024-09-23 06:20:08.292539+03	0	0	5	7	7	\N
7	fdsg	sdfsd	\N		2024-09-30 18:55:24.826667+03	2024-09-30 18:55:24.826682+03	0	0	7	9	\N	\N
9	Ученик	Первый	\N		2024-09-30 19:28:40.676567+03	2024-09-30 19:28:40.67658+03	0	0	9	12	\N	\N
6	Раз	Два	\N		2024-09-30 10:42:23.045119+03	2024-09-30 10:44:25.645479+03	20	0	6	8	\N	\N
10	Ученик	Второй	\N		2024-09-30 19:30:08.188286+03	2024-09-30 20:09:07.424113+03	0	1	10	13	\N	\N
8	Ученик	Обычный	\N		2024-09-30 19:04:30.158537+03	2024-09-30 20:15:46.533643+03	20	1	8	10	\N	\N
11	Владислав	Печенкин	\N		2024-10-04 11:02:10.371103+03	2024-10-04 11:05:06.026241+03	20	0	11	17	\N	\N
1	Максим	Булайчик	\N	profiles/coin.png	2024-09-03 23:48:39.987802+03	2024-10-05 20:35:40.782466+03	220	268	1	2	1	\N
12	Вася	Иванов	\N		2024-10-05 18:39:53.510124+03	2024-10-13 17:53:40.703883+03	40	2	12	18	13	\N
13	Александр	Мартынов	\N	profiles/IMG_20240926_093521_632.jpg	2024-10-07 08:41:18.500609+03	2024-10-13 17:53:42.171448+03	0	1	13	19	14	\N
14	Гатова	Алика	\N		2024-10-13 17:57:10.93241+03	2024-10-13 17:57:20.251042+03	0	0	14	20	15	\N
\.


--
-- Data for Name: user_profile_studentprofile_achievements; Type: TABLE DATA; Schema: public; Owner: postgres
--

COPY public.user_profile_studentprofile_achievements (id, studentprofile_id, achievements_id) FROM stdin;
\.


--
-- Data for Name: user_profile_tree; Type: TABLE DATA; Schema: public; Owner: postgres
--

COPY public.user_profile_tree (id, planting_date, stage, duration, event, start_time) FROM stdin;
1	2024-09-03 23:48:47.312472+03	0	00:05:00	\N	\N
7	2024-09-23 06:20:08.27342+03	4	00:05:00	1	2024-09-23 06:23:01.657717+03
13	2024-10-05 18:40:06.085655+03	4	00:05:00	1	2024-10-05 18:49:41.004897+03
14	2024-10-07 08:48:12.400488+03	4	00:05:00	1	2024-10-07 08:54:39.458545+03
15	2024-10-13 17:57:20.233482+03	4	00:05:00	1	2024-10-13 18:00:46.310648+03
\.


--
-- Data for Name: user_profile_treestatistics; Type: TABLE DATA; Schema: public; Owner: postgres
--

COPY public.user_profile_treestatistics (id, coins_collected, rain_repelled, drought_repelled, ufo_repelled, tree_id, drought_repulsed, flood_repulsed, ufo_repulsed) FROM stdin;
1	0	0	0	0	1	0	0	0
7	0	0	0	0	7	0	0	0
13	0	0	0	0	13	0	0	0
14	0	0	0	0	14	0	0	0
15	0	0	0	0	15	0	0	0
\.


--
-- Data for Name: webpush_group; Type: TABLE DATA; Schema: public; Owner: postgres
--

COPY public.webpush_group (id, name) FROM stdin;
\.


--
-- Data for Name: webpush_pushinformation; Type: TABLE DATA; Schema: public; Owner: postgres
--

COPY public.webpush_pushinformation (id, group_id, subscription_id, user_id) FROM stdin;
\.


--
-- Data for Name: webpush_subscriptioninfo; Type: TABLE DATA; Schema: public; Owner: postgres
--

COPY public.webpush_subscriptioninfo (id, browser, endpoint, auth, p256dh, user_agent) FROM stdin;
\.


--
-- Name: accounts_admincode_id_seq; Type: SEQUENCE SET; Schema: public; Owner: postgres
--

SELECT pg_catalog.setval('public.accounts_admincode_id_seq', 1, false);


--
-- Name: accounts_schoolname_id_seq; Type: SEQUENCE SET; Schema: public; Owner: postgres
--

SELECT pg_catalog.setval('public.accounts_schoolname_id_seq', 1, false);


--
-- Name: accounts_teachercode_id_seq; Type: SEQUENCE SET; Schema: public; Owner: postgres
--

SELECT pg_catalog.setval('public.accounts_teachercode_id_seq', 1, true);


--
-- Name: accounts_user_groups_id_seq; Type: SEQUENCE SET; Schema: public; Owner: postgres
--

SELECT pg_catalog.setval('public.accounts_user_groups_id_seq', 1, false);


--
-- Name: accounts_user_id_seq; Type: SEQUENCE SET; Schema: public; Owner: postgres
--

SELECT pg_catalog.setval('public.accounts_user_id_seq', 22, true);


--
-- Name: accounts_user_user_permissions_id_seq; Type: SEQUENCE SET; Schema: public; Owner: postgres
--

SELECT pg_catalog.setval('public.accounts_user_user_permissions_id_seq', 1, false);


--
-- Name: achievments_achievements_id_seq; Type: SEQUENCE SET; Schema: public; Owner: postgres
--

SELECT pg_catalog.setval('public.achievments_achievements_id_seq', 8, true);


--
-- Name: auth_group_id_seq; Type: SEQUENCE SET; Schema: public; Owner: postgres
--

SELECT pg_catalog.setval('public.auth_group_id_seq', 1, false);


--
-- Name: auth_group_permissions_id_seq; Type: SEQUENCE SET; Schema: public; Owner: postgres
--

SELECT pg_catalog.setval('public.auth_group_permissions_id_seq', 1, false);


--
-- Name: auth_permission_id_seq; Type: SEQUENCE SET; Schema: public; Owner: postgres
--

SELECT pg_catalog.setval('public.auth_permission_id_seq', 108, true);


--
-- Name: calendar_app_event_id_seq; Type: SEQUENCE SET; Schema: public; Owner: postgres
--

SELECT pg_catalog.setval('public.calendar_app_event_id_seq', 25, true);


--
-- Name: calendar_app_eventmarker_id_seq; Type: SEQUENCE SET; Schema: public; Owner: postgres
--

SELECT pg_catalog.setval('public.calendar_app_eventmarker_id_seq', 6, true);


--
-- Name: calendar_app_exceptiondays_id_seq; Type: SEQUENCE SET; Schema: public; Owner: postgres
--

SELECT pg_catalog.setval('public.calendar_app_exceptiondays_id_seq', 1, false);


--
-- Name: django_admin_log_id_seq; Type: SEQUENCE SET; Schema: public; Owner: postgres
--

SELECT pg_catalog.setval('public.django_admin_log_id_seq', 1, false);


--
-- Name: django_content_type_id_seq; Type: SEQUENCE SET; Schema: public; Owner: postgres
--

SELECT pg_catalog.setval('public.django_content_type_id_seq', 27, true);


--
-- Name: django_migrations_id_seq; Type: SEQUENCE SET; Schema: public; Owner: postgres
--

SELECT pg_catalog.setval('public.django_migrations_id_seq', 55, true);


--
-- Name: shop_buster_id_seq; Type: SEQUENCE SET; Schema: public; Owner: postgres
--

SELECT pg_catalog.setval('public.shop_buster_id_seq', 3, true);


--
-- Name: user_profile_attendance_id_seq; Type: SEQUENCE SET; Schema: public; Owner: postgres
--

SELECT pg_catalog.setval('public.user_profile_attendance_id_seq', 5, true);


--
-- Name: user_profile_counterofbusters_id_seq; Type: SEQUENCE SET; Schema: public; Owner: postgres
--

SELECT pg_catalog.setval('public.user_profile_counterofbusters_id_seq', 42, true);


--
-- Name: user_profile_group_id_seq; Type: SEQUENCE SET; Schema: public; Owner: postgres
--

SELECT pg_catalog.setval('public.user_profile_group_id_seq', 21, true);


--
-- Name: user_profile_group_mentors_id_seq; Type: SEQUENCE SET; Schema: public; Owner: postgres
--

SELECT pg_catalog.setval('public.user_profile_group_mentors_id_seq', 21, true);


--
-- Name: user_profile_group_students_id_seq; Type: SEQUENCE SET; Schema: public; Owner: postgres
--

SELECT pg_catalog.setval('public.user_profile_group_students_id_seq', 8, true);


--
-- Name: user_profile_mentorprofile_id_seq; Type: SEQUENCE SET; Schema: public; Owner: postgres
--

SELECT pg_catalog.setval('public.user_profile_mentorprofile_id_seq', 7, true);


--
-- Name: user_profile_personalprofile_id_seq; Type: SEQUENCE SET; Schema: public; Owner: postgres
--

SELECT pg_catalog.setval('public.user_profile_personalprofile_id_seq', 1, false);


--
-- Name: user_profile_playerstatistics_id_seq; Type: SEQUENCE SET; Schema: public; Owner: postgres
--

SELECT pg_catalog.setval('public.user_profile_playerstatistics_id_seq', 14, true);


--
-- Name: user_profile_studentprofile_achievements_id_seq; Type: SEQUENCE SET; Schema: public; Owner: postgres
--

SELECT pg_catalog.setval('public.user_profile_studentprofile_achievements_id_seq', 1, false);


--
-- Name: user_profile_studentprofile_id_seq; Type: SEQUENCE SET; Schema: public; Owner: postgres
--

SELECT pg_catalog.setval('public.user_profile_studentprofile_id_seq', 14, true);


--
-- Name: user_profile_tree_id_seq; Type: SEQUENCE SET; Schema: public; Owner: postgres
--

SELECT pg_catalog.setval('public.user_profile_tree_id_seq', 15, true);


--
-- Name: user_profile_treestatistics_id_seq; Type: SEQUENCE SET; Schema: public; Owner: postgres
--

SELECT pg_catalog.setval('public.user_profile_treestatistics_id_seq', 15, true);


--
-- Name: webpush_group_id_seq; Type: SEQUENCE SET; Schema: public; Owner: postgres
--

SELECT pg_catalog.setval('public.webpush_group_id_seq', 1, false);


--
-- Name: webpush_pushinformation_id_seq; Type: SEQUENCE SET; Schema: public; Owner: postgres
--

SELECT pg_catalog.setval('public.webpush_pushinformation_id_seq', 1, false);


--
-- Name: webpush_subscriptioninfo_id_seq; Type: SEQUENCE SET; Schema: public; Owner: postgres
--

SELECT pg_catalog.setval('public.webpush_subscriptioninfo_id_seq', 1, false);


--
-- Name: accounts_admincode accounts_admincode_pkey; Type: CONSTRAINT; Schema: public; Owner: postgres
--

ALTER TABLE ONLY public.accounts_admincode
    ADD CONSTRAINT accounts_admincode_pkey PRIMARY KEY (id);


--
-- Name: accounts_schoolname accounts_schoolname_pkey; Type: CONSTRAINT; Schema: public; Owner: postgres
--

ALTER TABLE ONLY public.accounts_schoolname
    ADD CONSTRAINT accounts_schoolname_pkey PRIMARY KEY (id);


--
-- Name: accounts_teachercode accounts_teachercode_pkey; Type: CONSTRAINT; Schema: public; Owner: postgres
--

ALTER TABLE ONLY public.accounts_teachercode
    ADD CONSTRAINT accounts_teachercode_pkey PRIMARY KEY (id);


--
-- Name: accounts_user accounts_user_email_key; Type: CONSTRAINT; Schema: public; Owner: postgres
--

ALTER TABLE ONLY public.accounts_user
    ADD CONSTRAINT accounts_user_email_key UNIQUE (email);


--
-- Name: accounts_user_groups accounts_user_groups_pkey; Type: CONSTRAINT; Schema: public; Owner: postgres
--

ALTER TABLE ONLY public.accounts_user_groups
    ADD CONSTRAINT accounts_user_groups_pkey PRIMARY KEY (id);


--
-- Name: accounts_user_groups accounts_user_groups_user_id_group_id_59c0b32f_uniq; Type: CONSTRAINT; Schema: public; Owner: postgres
--

ALTER TABLE ONLY public.accounts_user_groups
    ADD CONSTRAINT accounts_user_groups_user_id_group_id_59c0b32f_uniq UNIQUE (user_id, group_id);


--
-- Name: accounts_user accounts_user_pkey; Type: CONSTRAINT; Schema: public; Owner: postgres
--

ALTER TABLE ONLY public.accounts_user
    ADD CONSTRAINT accounts_user_pkey PRIMARY KEY (id);


--
-- Name: accounts_user_user_permissions accounts_user_user_permi_user_id_permission_id_2ab516c2_uniq; Type: CONSTRAINT; Schema: public; Owner: postgres
--

ALTER TABLE ONLY public.accounts_user_user_permissions
    ADD CONSTRAINT accounts_user_user_permi_user_id_permission_id_2ab516c2_uniq UNIQUE (user_id, permission_id);


--
-- Name: accounts_user_user_permissions accounts_user_user_permissions_pkey; Type: CONSTRAINT; Schema: public; Owner: postgres
--

ALTER TABLE ONLY public.accounts_user_user_permissions
    ADD CONSTRAINT accounts_user_user_permissions_pkey PRIMARY KEY (id);


--
-- Name: achievments_achievements achievments_achievements_pkey; Type: CONSTRAINT; Schema: public; Owner: postgres
--

ALTER TABLE ONLY public.achievments_achievements
    ADD CONSTRAINT achievments_achievements_pkey PRIMARY KEY (id);


--
-- Name: auth_group auth_group_name_key; Type: CONSTRAINT; Schema: public; Owner: postgres
--

ALTER TABLE ONLY public.auth_group
    ADD CONSTRAINT auth_group_name_key UNIQUE (name);


--
-- Name: auth_group_permissions auth_group_permissions_group_id_permission_id_0cd325b0_uniq; Type: CONSTRAINT; Schema: public; Owner: postgres
--

ALTER TABLE ONLY public.auth_group_permissions
    ADD CONSTRAINT auth_group_permissions_group_id_permission_id_0cd325b0_uniq UNIQUE (group_id, permission_id);


--
-- Name: auth_group_permissions auth_group_permissions_pkey; Type: CONSTRAINT; Schema: public; Owner: postgres
--

ALTER TABLE ONLY public.auth_group_permissions
    ADD CONSTRAINT auth_group_permissions_pkey PRIMARY KEY (id);


--
-- Name: auth_group auth_group_pkey; Type: CONSTRAINT; Schema: public; Owner: postgres
--

ALTER TABLE ONLY public.auth_group
    ADD CONSTRAINT auth_group_pkey PRIMARY KEY (id);


--
-- Name: auth_permission auth_permission_content_type_id_codename_01ab375a_uniq; Type: CONSTRAINT; Schema: public; Owner: postgres
--

ALTER TABLE ONLY public.auth_permission
    ADD CONSTRAINT auth_permission_content_type_id_codename_01ab375a_uniq UNIQUE (content_type_id, codename);


--
-- Name: auth_permission auth_permission_pkey; Type: CONSTRAINT; Schema: public; Owner: postgres
--

ALTER TABLE ONLY public.auth_permission
    ADD CONSTRAINT auth_permission_pkey PRIMARY KEY (id);


--
-- Name: calendar_app_event calendar_app_event_pkey; Type: CONSTRAINT; Schema: public; Owner: postgres
--

ALTER TABLE ONLY public.calendar_app_event
    ADD CONSTRAINT calendar_app_event_pkey PRIMARY KEY (id);


--
-- Name: calendar_app_eventmarker calendar_app_eventmarker_pkey; Type: CONSTRAINT; Schema: public; Owner: postgres
--

ALTER TABLE ONLY public.calendar_app_eventmarker
    ADD CONSTRAINT calendar_app_eventmarker_pkey PRIMARY KEY (id);


--
-- Name: calendar_app_exceptiondays calendar_app_exceptiondays_pkey; Type: CONSTRAINT; Schema: public; Owner: postgres
--

ALTER TABLE ONLY public.calendar_app_exceptiondays
    ADD CONSTRAINT calendar_app_exceptiondays_pkey PRIMARY KEY (id);


--
-- Name: django_admin_log django_admin_log_pkey; Type: CONSTRAINT; Schema: public; Owner: postgres
--

ALTER TABLE ONLY public.django_admin_log
    ADD CONSTRAINT django_admin_log_pkey PRIMARY KEY (id);


--
-- Name: django_content_type django_content_type_app_label_model_76bd3d3b_uniq; Type: CONSTRAINT; Schema: public; Owner: postgres
--

ALTER TABLE ONLY public.django_content_type
    ADD CONSTRAINT django_content_type_app_label_model_76bd3d3b_uniq UNIQUE (app_label, model);


--
-- Name: django_content_type django_content_type_pkey; Type: CONSTRAINT; Schema: public; Owner: postgres
--

ALTER TABLE ONLY public.django_content_type
    ADD CONSTRAINT django_content_type_pkey PRIMARY KEY (id);


--
-- Name: django_dramatiq_task django_dramatiq_task_pkey; Type: CONSTRAINT; Schema: public; Owner: postgres
--

ALTER TABLE ONLY public.django_dramatiq_task
    ADD CONSTRAINT django_dramatiq_task_pkey PRIMARY KEY (id);


--
-- Name: django_migrations django_migrations_pkey; Type: CONSTRAINT; Schema: public; Owner: postgres
--

ALTER TABLE ONLY public.django_migrations
    ADD CONSTRAINT django_migrations_pkey PRIMARY KEY (id);


--
-- Name: django_session django_session_pkey; Type: CONSTRAINT; Schema: public; Owner: postgres
--

ALTER TABLE ONLY public.django_session
    ADD CONSTRAINT django_session_pkey PRIMARY KEY (session_key);


--
-- Name: shop_buster shop_buster_pkey; Type: CONSTRAINT; Schema: public; Owner: postgres
--

ALTER TABLE ONLY public.shop_buster
    ADD CONSTRAINT shop_buster_pkey PRIMARY KEY (id);


--
-- Name: user_profile_attendance user_profile_attendance_pkey; Type: CONSTRAINT; Schema: public; Owner: postgres
--

ALTER TABLE ONLY public.user_profile_attendance
    ADD CONSTRAINT user_profile_attendance_pkey PRIMARY KEY (id);


--
-- Name: user_profile_counterofbusters user_profile_counterofbusters_pkey; Type: CONSTRAINT; Schema: public; Owner: postgres
--

ALTER TABLE ONLY public.user_profile_counterofbusters
    ADD CONSTRAINT user_profile_counterofbusters_pkey PRIMARY KEY (id);


--
-- Name: user_profile_group_mentors user_profile_group_mento_group_id_mentorprofile_i_72bec38c_uniq; Type: CONSTRAINT; Schema: public; Owner: postgres
--

ALTER TABLE ONLY public.user_profile_group_mentors
    ADD CONSTRAINT user_profile_group_mento_group_id_mentorprofile_i_72bec38c_uniq UNIQUE (group_id, mentorprofile_id);


--
-- Name: user_profile_group_mentors user_profile_group_mentors_pkey; Type: CONSTRAINT; Schema: public; Owner: postgres
--

ALTER TABLE ONLY public.user_profile_group_mentors
    ADD CONSTRAINT user_profile_group_mentors_pkey PRIMARY KEY (id);


--
-- Name: user_profile_group user_profile_group_pkey; Type: CONSTRAINT; Schema: public; Owner: postgres
--

ALTER TABLE ONLY public.user_profile_group
    ADD CONSTRAINT user_profile_group_pkey PRIMARY KEY (id);


--
-- Name: user_profile_group_students user_profile_group_stude_group_id_studentprofile__e5d08a48_uniq; Type: CONSTRAINT; Schema: public; Owner: postgres
--

ALTER TABLE ONLY public.user_profile_group_students
    ADD CONSTRAINT user_profile_group_stude_group_id_studentprofile__e5d08a48_uniq UNIQUE (group_id, studentprofile_id);


--
-- Name: user_profile_group_students user_profile_group_students_pkey; Type: CONSTRAINT; Schema: public; Owner: postgres
--

ALTER TABLE ONLY public.user_profile_group_students
    ADD CONSTRAINT user_profile_group_students_pkey PRIMARY KEY (id);


--
-- Name: user_profile_mentorprofile user_profile_mentorprofile_pkey; Type: CONSTRAINT; Schema: public; Owner: postgres
--

ALTER TABLE ONLY public.user_profile_mentorprofile
    ADD CONSTRAINT user_profile_mentorprofile_pkey PRIMARY KEY (id);


--
-- Name: user_profile_mentorprofile user_profile_mentorprofile_user_id_key; Type: CONSTRAINT; Schema: public; Owner: postgres
--

ALTER TABLE ONLY public.user_profile_mentorprofile
    ADD CONSTRAINT user_profile_mentorprofile_user_id_key UNIQUE (user_id);


--
-- Name: user_profile_personalprofile user_profile_personalprofile_pkey; Type: CONSTRAINT; Schema: public; Owner: postgres
--

ALTER TABLE ONLY public.user_profile_personalprofile
    ADD CONSTRAINT user_profile_personalprofile_pkey PRIMARY KEY (id);


--
-- Name: user_profile_personalprofile user_profile_personalprofile_user_id_key; Type: CONSTRAINT; Schema: public; Owner: postgres
--

ALTER TABLE ONLY public.user_profile_personalprofile
    ADD CONSTRAINT user_profile_personalprofile_user_id_key UNIQUE (user_id);


--
-- Name: user_profile_playerstatistics user_profile_playerstatistics_pkey; Type: CONSTRAINT; Schema: public; Owner: postgres
--

ALTER TABLE ONLY public.user_profile_playerstatistics
    ADD CONSTRAINT user_profile_playerstatistics_pkey PRIMARY KEY (id);


--
-- Name: user_profile_studentprofile_achievements user_profile_studentprof_studentprofile_id_achiev_55156ec2_uniq; Type: CONSTRAINT; Schema: public; Owner: postgres
--

ALTER TABLE ONLY public.user_profile_studentprofile_achievements
    ADD CONSTRAINT user_profile_studentprof_studentprofile_id_achiev_55156ec2_uniq UNIQUE (studentprofile_id, achievements_id);


--
-- Name: user_profile_studentprofile_achievements user_profile_studentprofile_achievements_pkey; Type: CONSTRAINT; Schema: public; Owner: postgres
--

ALTER TABLE ONLY public.user_profile_studentprofile_achievements
    ADD CONSTRAINT user_profile_studentprofile_achievements_pkey PRIMARY KEY (id);


--
-- Name: user_profile_studentprofile user_profile_studentprofile_pkey; Type: CONSTRAINT; Schema: public; Owner: postgres
--

ALTER TABLE ONLY public.user_profile_studentprofile
    ADD CONSTRAINT user_profile_studentprofile_pkey PRIMARY KEY (id);


--
-- Name: user_profile_studentprofile user_profile_studentprofile_statistics_id_key; Type: CONSTRAINT; Schema: public; Owner: postgres
--

ALTER TABLE ONLY public.user_profile_studentprofile
    ADD CONSTRAINT user_profile_studentprofile_statistics_id_key UNIQUE (statistics_id);


--
-- Name: user_profile_studentprofile user_profile_studentprofile_tree_id_key; Type: CONSTRAINT; Schema: public; Owner: postgres
--

ALTER TABLE ONLY public.user_profile_studentprofile
    ADD CONSTRAINT user_profile_studentprofile_tree_id_key UNIQUE (tree_id);


--
-- Name: user_profile_studentprofile user_profile_studentprofile_user_id_key; Type: CONSTRAINT; Schema: public; Owner: postgres
--

ALTER TABLE ONLY public.user_profile_studentprofile
    ADD CONSTRAINT user_profile_studentprofile_user_id_key UNIQUE (user_id);


--
-- Name: user_profile_tree user_profile_tree_pkey; Type: CONSTRAINT; Schema: public; Owner: postgres
--

ALTER TABLE ONLY public.user_profile_tree
    ADD CONSTRAINT user_profile_tree_pkey PRIMARY KEY (id);


--
-- Name: user_profile_treestatistics user_profile_treestatistics_pkey; Type: CONSTRAINT; Schema: public; Owner: postgres
--

ALTER TABLE ONLY public.user_profile_treestatistics
    ADD CONSTRAINT user_profile_treestatistics_pkey PRIMARY KEY (id);


--
-- Name: user_profile_treestatistics user_profile_treestatistics_tree_id_key; Type: CONSTRAINT; Schema: public; Owner: postgres
--

ALTER TABLE ONLY public.user_profile_treestatistics
    ADD CONSTRAINT user_profile_treestatistics_tree_id_key UNIQUE (tree_id);


--
-- Name: webpush_group webpush_group_name_key; Type: CONSTRAINT; Schema: public; Owner: postgres
--

ALTER TABLE ONLY public.webpush_group
    ADD CONSTRAINT webpush_group_name_key UNIQUE (name);


--
-- Name: webpush_group webpush_group_pkey; Type: CONSTRAINT; Schema: public; Owner: postgres
--

ALTER TABLE ONLY public.webpush_group
    ADD CONSTRAINT webpush_group_pkey PRIMARY KEY (id);


--
-- Name: webpush_pushinformation webpush_pushinformation_pkey; Type: CONSTRAINT; Schema: public; Owner: postgres
--

ALTER TABLE ONLY public.webpush_pushinformation
    ADD CONSTRAINT webpush_pushinformation_pkey PRIMARY KEY (id);


--
-- Name: webpush_subscriptioninfo webpush_subscriptioninfo_pkey; Type: CONSTRAINT; Schema: public; Owner: postgres
--

ALTER TABLE ONLY public.webpush_subscriptioninfo
    ADD CONSTRAINT webpush_subscriptioninfo_pkey PRIMARY KEY (id);


--
-- Name: accounts_admincode_school_id_56317beb; Type: INDEX; Schema: public; Owner: postgres
--

CREATE INDEX accounts_admincode_school_id_56317beb ON public.accounts_admincode USING btree (school_id);


--
-- Name: accounts_teachercode_school_id_db9f62bc; Type: INDEX; Schema: public; Owner: postgres
--

CREATE INDEX accounts_teachercode_school_id_db9f62bc ON public.accounts_teachercode USING btree (school_id);


--
-- Name: accounts_user_email_b2644a56_like; Type: INDEX; Schema: public; Owner: postgres
--

CREATE INDEX accounts_user_email_b2644a56_like ON public.accounts_user USING btree (email varchar_pattern_ops);


--
-- Name: accounts_user_groups_group_id_bd11a704; Type: INDEX; Schema: public; Owner: postgres
--

CREATE INDEX accounts_user_groups_group_id_bd11a704 ON public.accounts_user_groups USING btree (group_id);


--
-- Name: accounts_user_groups_user_id_52b62117; Type: INDEX; Schema: public; Owner: postgres
--

CREATE INDEX accounts_user_groups_user_id_52b62117 ON public.accounts_user_groups USING btree (user_id);


--
-- Name: accounts_user_user_permissions_permission_id_113bb443; Type: INDEX; Schema: public; Owner: postgres
--

CREATE INDEX accounts_user_user_permissions_permission_id_113bb443 ON public.accounts_user_user_permissions USING btree (permission_id);


--
-- Name: accounts_user_user_permissions_user_id_e4f0a161; Type: INDEX; Schema: public; Owner: postgres
--

CREATE INDEX accounts_user_user_permissions_user_id_e4f0a161 ON public.accounts_user_user_permissions USING btree (user_id);


--
-- Name: auth_group_name_a6ea08ec_like; Type: INDEX; Schema: public; Owner: postgres
--

CREATE INDEX auth_group_name_a6ea08ec_like ON public.auth_group USING btree (name varchar_pattern_ops);


--
-- Name: auth_group_permissions_group_id_b120cbf9; Type: INDEX; Schema: public; Owner: postgres
--

CREATE INDEX auth_group_permissions_group_id_b120cbf9 ON public.auth_group_permissions USING btree (group_id);


--
-- Name: auth_group_permissions_permission_id_84c5c92e; Type: INDEX; Schema: public; Owner: postgres
--

CREATE INDEX auth_group_permissions_permission_id_84c5c92e ON public.auth_group_permissions USING btree (permission_id);


--
-- Name: auth_permission_content_type_id_2f476e4b; Type: INDEX; Schema: public; Owner: postgres
--

CREATE INDEX auth_permission_content_type_id_2f476e4b ON public.auth_permission USING btree (content_type_id);


--
-- Name: calendar_app_event_group_id_efbe5297; Type: INDEX; Schema: public; Owner: postgres
--

CREATE INDEX calendar_app_event_group_id_efbe5297 ON public.calendar_app_event USING btree (group_id);


--
-- Name: calendar_app_eventmarker_event_id_8a9c37a1; Type: INDEX; Schema: public; Owner: postgres
--

CREATE INDEX calendar_app_eventmarker_event_id_8a9c37a1 ON public.calendar_app_eventmarker USING btree (event_id);


--
-- Name: calendar_app_eventmarker_student_id_5e264fe9; Type: INDEX; Schema: public; Owner: postgres
--

CREATE INDEX calendar_app_eventmarker_student_id_5e264fe9 ON public.calendar_app_eventmarker USING btree (student_id);


--
-- Name: calendar_app_exceptiondays_event_id_7909dee0; Type: INDEX; Schema: public; Owner: postgres
--

CREATE INDEX calendar_app_exceptiondays_event_id_7909dee0 ON public.calendar_app_exceptiondays USING btree (event_id);


--
-- Name: django_admin_log_content_type_id_c4bce8eb; Type: INDEX; Schema: public; Owner: postgres
--

CREATE INDEX django_admin_log_content_type_id_c4bce8eb ON public.django_admin_log USING btree (content_type_id);


--
-- Name: django_admin_log_user_id_c564eba6; Type: INDEX; Schema: public; Owner: postgres
--

CREATE INDEX django_admin_log_user_id_c564eba6 ON public.django_admin_log USING btree (user_id);


--
-- Name: django_dramatiq_task_updated_at_bb623596; Type: INDEX; Schema: public; Owner: postgres
--

CREATE INDEX django_dramatiq_task_updated_at_bb623596 ON public.django_dramatiq_task USING btree (updated_at);


--
-- Name: django_session_expire_date_a5c62663; Type: INDEX; Schema: public; Owner: postgres
--

CREATE INDEX django_session_expire_date_a5c62663 ON public.django_session USING btree (expire_date);


--
-- Name: django_session_session_key_c0390e0f_like; Type: INDEX; Schema: public; Owner: postgres
--

CREATE INDEX django_session_session_key_c0390e0f_like ON public.django_session USING btree (session_key varchar_pattern_ops);


--
-- Name: user_profile_attendance_group_id_68830629; Type: INDEX; Schema: public; Owner: postgres
--

CREATE INDEX user_profile_attendance_group_id_68830629 ON public.user_profile_attendance USING btree (group_id);


--
-- Name: user_profile_attendance_student_id_8edf6663; Type: INDEX; Schema: public; Owner: postgres
--

CREATE INDEX user_profile_attendance_student_id_8edf6663 ON public.user_profile_attendance USING btree (student_id);


--
-- Name: user_profile_counterofbusters_buster_id_1ab2708b; Type: INDEX; Schema: public; Owner: postgres
--

CREATE INDEX user_profile_counterofbusters_buster_id_1ab2708b ON public.user_profile_counterofbusters USING btree (buster_id);


--
-- Name: user_profile_counterofbusters_student_id_bdfe10d3; Type: INDEX; Schema: public; Owner: postgres
--

CREATE INDEX user_profile_counterofbusters_student_id_bdfe10d3 ON public.user_profile_counterofbusters USING btree (student_id);


--
-- Name: user_profile_group_mentors_group_id_4271763c; Type: INDEX; Schema: public; Owner: postgres
--

CREATE INDEX user_profile_group_mentors_group_id_4271763c ON public.user_profile_group_mentors USING btree (group_id);


--
-- Name: user_profile_group_mentors_mentorprofile_id_7c40adbf; Type: INDEX; Schema: public; Owner: postgres
--

CREATE INDEX user_profile_group_mentors_mentorprofile_id_7c40adbf ON public.user_profile_group_mentors USING btree (mentorprofile_id);


--
-- Name: user_profile_group_students_group_id_e4415e98; Type: INDEX; Schema: public; Owner: postgres
--

CREATE INDEX user_profile_group_students_group_id_e4415e98 ON public.user_profile_group_students USING btree (group_id);


--
-- Name: user_profile_group_students_studentprofile_id_0390bbed; Type: INDEX; Schema: public; Owner: postgres
--

CREATE INDEX user_profile_group_students_studentprofile_id_0390bbed ON public.user_profile_group_students USING btree (studentprofile_id);


--
-- Name: user_profile_mentorprofile_code_id_c1af3294; Type: INDEX; Schema: public; Owner: postgres
--

CREATE INDEX user_profile_mentorprofile_code_id_c1af3294 ON public.user_profile_mentorprofile USING btree (code_id);


--
-- Name: user_profile_mentorprofile_school_id_ed1a1c01; Type: INDEX; Schema: public; Owner: postgres
--

CREATE INDEX user_profile_mentorprofile_school_id_ed1a1c01 ON public.user_profile_mentorprofile USING btree (school_id);


--
-- Name: user_profile_personalprofile_code_id_51202cad; Type: INDEX; Schema: public; Owner: postgres
--

CREATE INDEX user_profile_personalprofile_code_id_51202cad ON public.user_profile_personalprofile USING btree (code_id);


--
-- Name: user_profile_personalprofile_school_id_a8388df8; Type: INDEX; Schema: public; Owner: postgres
--

CREATE INDEX user_profile_personalprofile_school_id_a8388df8 ON public.user_profile_personalprofile USING btree (school_id);


--
-- Name: user_profile_studentprofil_achievements_id_4582b262; Type: INDEX; Schema: public; Owner: postgres
--

CREATE INDEX user_profile_studentprofil_achievements_id_4582b262 ON public.user_profile_studentprofile_achievements USING btree (achievements_id);


--
-- Name: user_profile_studentprofil_studentprofile_id_eb643d85; Type: INDEX; Schema: public; Owner: postgres
--

CREATE INDEX user_profile_studentprofil_studentprofile_id_eb643d85 ON public.user_profile_studentprofile_achievements USING btree (studentprofile_id);


--
-- Name: user_profile_studentprofile_school_id_6d275dec; Type: INDEX; Schema: public; Owner: postgres
--

CREATE INDEX user_profile_studentprofile_school_id_6d275dec ON public.user_profile_studentprofile USING btree (school_id);


--
-- Name: webpush_group_name_55a9d24d_like; Type: INDEX; Schema: public; Owner: postgres
--

CREATE INDEX webpush_group_name_55a9d24d_like ON public.webpush_group USING btree (name varchar_pattern_ops);


--
-- Name: webpush_pushinformation_group_id_262dcc9a; Type: INDEX; Schema: public; Owner: postgres
--

CREATE INDEX webpush_pushinformation_group_id_262dcc9a ON public.webpush_pushinformation USING btree (group_id);


--
-- Name: webpush_pushinformation_subscription_id_7989aa34; Type: INDEX; Schema: public; Owner: postgres
--

CREATE INDEX webpush_pushinformation_subscription_id_7989aa34 ON public.webpush_pushinformation USING btree (subscription_id);


--
-- Name: webpush_pushinformation_user_id_5e083b7f; Type: INDEX; Schema: public; Owner: postgres
--

CREATE INDEX webpush_pushinformation_user_id_5e083b7f ON public.webpush_pushinformation USING btree (user_id);


--
-- Name: accounts_admincode accounts_admincode_school_id_56317beb_fk_accounts_schoolname_id; Type: FK CONSTRAINT; Schema: public; Owner: postgres
--

ALTER TABLE ONLY public.accounts_admincode
    ADD CONSTRAINT accounts_admincode_school_id_56317beb_fk_accounts_schoolname_id FOREIGN KEY (school_id) REFERENCES public.accounts_schoolname(id) DEFERRABLE INITIALLY DEFERRED;


--
-- Name: accounts_teachercode accounts_teachercode_school_id_db9f62bc_fk_accounts_; Type: FK CONSTRAINT; Schema: public; Owner: postgres
--

ALTER TABLE ONLY public.accounts_teachercode
    ADD CONSTRAINT accounts_teachercode_school_id_db9f62bc_fk_accounts_ FOREIGN KEY (school_id) REFERENCES public.accounts_schoolname(id) DEFERRABLE INITIALLY DEFERRED;


--
-- Name: accounts_user_groups accounts_user_groups_group_id_bd11a704_fk_auth_group_id; Type: FK CONSTRAINT; Schema: public; Owner: postgres
--

ALTER TABLE ONLY public.accounts_user_groups
    ADD CONSTRAINT accounts_user_groups_group_id_bd11a704_fk_auth_group_id FOREIGN KEY (group_id) REFERENCES public.auth_group(id) DEFERRABLE INITIALLY DEFERRED;


--
-- Name: accounts_user_groups accounts_user_groups_user_id_52b62117_fk_accounts_user_id; Type: FK CONSTRAINT; Schema: public; Owner: postgres
--

ALTER TABLE ONLY public.accounts_user_groups
    ADD CONSTRAINT accounts_user_groups_user_id_52b62117_fk_accounts_user_id FOREIGN KEY (user_id) REFERENCES public.accounts_user(id) DEFERRABLE INITIALLY DEFERRED;


--
-- Name: accounts_user_user_permissions accounts_user_user_p_permission_id_113bb443_fk_auth_perm; Type: FK CONSTRAINT; Schema: public; Owner: postgres
--

ALTER TABLE ONLY public.accounts_user_user_permissions
    ADD CONSTRAINT accounts_user_user_p_permission_id_113bb443_fk_auth_perm FOREIGN KEY (permission_id) REFERENCES public.auth_permission(id) DEFERRABLE INITIALLY DEFERRED;


--
-- Name: accounts_user_user_permissions accounts_user_user_p_user_id_e4f0a161_fk_accounts_; Type: FK CONSTRAINT; Schema: public; Owner: postgres
--

ALTER TABLE ONLY public.accounts_user_user_permissions
    ADD CONSTRAINT accounts_user_user_p_user_id_e4f0a161_fk_accounts_ FOREIGN KEY (user_id) REFERENCES public.accounts_user(id) DEFERRABLE INITIALLY DEFERRED;


--
-- Name: auth_group_permissions auth_group_permissio_permission_id_84c5c92e_fk_auth_perm; Type: FK CONSTRAINT; Schema: public; Owner: postgres
--

ALTER TABLE ONLY public.auth_group_permissions
    ADD CONSTRAINT auth_group_permissio_permission_id_84c5c92e_fk_auth_perm FOREIGN KEY (permission_id) REFERENCES public.auth_permission(id) DEFERRABLE INITIALLY DEFERRED;


--
-- Name: auth_group_permissions auth_group_permissions_group_id_b120cbf9_fk_auth_group_id; Type: FK CONSTRAINT; Schema: public; Owner: postgres
--

ALTER TABLE ONLY public.auth_group_permissions
    ADD CONSTRAINT auth_group_permissions_group_id_b120cbf9_fk_auth_group_id FOREIGN KEY (group_id) REFERENCES public.auth_group(id) DEFERRABLE INITIALLY DEFERRED;


--
-- Name: auth_permission auth_permission_content_type_id_2f476e4b_fk_django_co; Type: FK CONSTRAINT; Schema: public; Owner: postgres
--

ALTER TABLE ONLY public.auth_permission
    ADD CONSTRAINT auth_permission_content_type_id_2f476e4b_fk_django_co FOREIGN KEY (content_type_id) REFERENCES public.django_content_type(id) DEFERRABLE INITIALLY DEFERRED;


--
-- Name: calendar_app_event calendar_app_event_group_id_efbe5297_fk_user_profile_group_id; Type: FK CONSTRAINT; Schema: public; Owner: postgres
--

ALTER TABLE ONLY public.calendar_app_event
    ADD CONSTRAINT calendar_app_event_group_id_efbe5297_fk_user_profile_group_id FOREIGN KEY (group_id) REFERENCES public.user_profile_group(id) DEFERRABLE INITIALLY DEFERRED;


--
-- Name: calendar_app_eventmarker calendar_app_eventma_event_id_8a9c37a1_fk_calendar_; Type: FK CONSTRAINT; Schema: public; Owner: postgres
--

ALTER TABLE ONLY public.calendar_app_eventmarker
    ADD CONSTRAINT calendar_app_eventma_event_id_8a9c37a1_fk_calendar_ FOREIGN KEY (event_id) REFERENCES public.calendar_app_event(id) DEFERRABLE INITIALLY DEFERRED;


--
-- Name: calendar_app_eventmarker calendar_app_eventma_student_id_5e264fe9_fk_user_prof; Type: FK CONSTRAINT; Schema: public; Owner: postgres
--

ALTER TABLE ONLY public.calendar_app_eventmarker
    ADD CONSTRAINT calendar_app_eventma_student_id_5e264fe9_fk_user_prof FOREIGN KEY (student_id) REFERENCES public.user_profile_studentprofile(id) DEFERRABLE INITIALLY DEFERRED;


--
-- Name: calendar_app_exceptiondays calendar_app_excepti_event_id_7909dee0_fk_calendar_; Type: FK CONSTRAINT; Schema: public; Owner: postgres
--

ALTER TABLE ONLY public.calendar_app_exceptiondays
    ADD CONSTRAINT calendar_app_excepti_event_id_7909dee0_fk_calendar_ FOREIGN KEY (event_id) REFERENCES public.calendar_app_event(id) DEFERRABLE INITIALLY DEFERRED;


--
-- Name: django_admin_log django_admin_log_content_type_id_c4bce8eb_fk_django_co; Type: FK CONSTRAINT; Schema: public; Owner: postgres
--

ALTER TABLE ONLY public.django_admin_log
    ADD CONSTRAINT django_admin_log_content_type_id_c4bce8eb_fk_django_co FOREIGN KEY (content_type_id) REFERENCES public.django_content_type(id) DEFERRABLE INITIALLY DEFERRED;


--
-- Name: django_admin_log django_admin_log_user_id_c564eba6_fk_accounts_user_id; Type: FK CONSTRAINT; Schema: public; Owner: postgres
--

ALTER TABLE ONLY public.django_admin_log
    ADD CONSTRAINT django_admin_log_user_id_c564eba6_fk_accounts_user_id FOREIGN KEY (user_id) REFERENCES public.accounts_user(id) DEFERRABLE INITIALLY DEFERRED;


--
-- Name: user_profile_attendance user_profile_attenda_group_id_68830629_fk_user_prof; Type: FK CONSTRAINT; Schema: public; Owner: postgres
--

ALTER TABLE ONLY public.user_profile_attendance
    ADD CONSTRAINT user_profile_attenda_group_id_68830629_fk_user_prof FOREIGN KEY (group_id) REFERENCES public.user_profile_group(id) DEFERRABLE INITIALLY DEFERRED;


--
-- Name: user_profile_attendance user_profile_attenda_student_id_8edf6663_fk_user_prof; Type: FK CONSTRAINT; Schema: public; Owner: postgres
--

ALTER TABLE ONLY public.user_profile_attendance
    ADD CONSTRAINT user_profile_attenda_student_id_8edf6663_fk_user_prof FOREIGN KEY (student_id) REFERENCES public.user_profile_studentprofile(id) DEFERRABLE INITIALLY DEFERRED;


--
-- Name: user_profile_counterofbusters user_profile_counter_buster_id_1ab2708b_fk_shop_bust; Type: FK CONSTRAINT; Schema: public; Owner: postgres
--

ALTER TABLE ONLY public.user_profile_counterofbusters
    ADD CONSTRAINT user_profile_counter_buster_id_1ab2708b_fk_shop_bust FOREIGN KEY (buster_id) REFERENCES public.shop_buster(id) DEFERRABLE INITIALLY DEFERRED;


--
-- Name: user_profile_counterofbusters user_profile_counter_student_id_bdfe10d3_fk_user_prof; Type: FK CONSTRAINT; Schema: public; Owner: postgres
--

ALTER TABLE ONLY public.user_profile_counterofbusters
    ADD CONSTRAINT user_profile_counter_student_id_bdfe10d3_fk_user_prof FOREIGN KEY (student_id) REFERENCES public.user_profile_studentprofile(id) DEFERRABLE INITIALLY DEFERRED;


--
-- Name: user_profile_group_mentors user_profile_group_m_group_id_4271763c_fk_user_prof; Type: FK CONSTRAINT; Schema: public; Owner: postgres
--

ALTER TABLE ONLY public.user_profile_group_mentors
    ADD CONSTRAINT user_profile_group_m_group_id_4271763c_fk_user_prof FOREIGN KEY (group_id) REFERENCES public.user_profile_group(id) DEFERRABLE INITIALLY DEFERRED;


--
-- Name: user_profile_group_mentors user_profile_group_m_mentorprofile_id_7c40adbf_fk_user_prof; Type: FK CONSTRAINT; Schema: public; Owner: postgres
--

ALTER TABLE ONLY public.user_profile_group_mentors
    ADD CONSTRAINT user_profile_group_m_mentorprofile_id_7c40adbf_fk_user_prof FOREIGN KEY (mentorprofile_id) REFERENCES public.user_profile_mentorprofile(id) DEFERRABLE INITIALLY DEFERRED;


--
-- Name: user_profile_group_students user_profile_group_s_group_id_e4415e98_fk_user_prof; Type: FK CONSTRAINT; Schema: public; Owner: postgres
--

ALTER TABLE ONLY public.user_profile_group_students
    ADD CONSTRAINT user_profile_group_s_group_id_e4415e98_fk_user_prof FOREIGN KEY (group_id) REFERENCES public.user_profile_group(id) DEFERRABLE INITIALLY DEFERRED;


--
-- Name: user_profile_group_students user_profile_group_s_studentprofile_id_0390bbed_fk_user_prof; Type: FK CONSTRAINT; Schema: public; Owner: postgres
--

ALTER TABLE ONLY public.user_profile_group_students
    ADD CONSTRAINT user_profile_group_s_studentprofile_id_0390bbed_fk_user_prof FOREIGN KEY (studentprofile_id) REFERENCES public.user_profile_studentprofile(id) DEFERRABLE INITIALLY DEFERRED;


--
-- Name: user_profile_mentorprofile user_profile_mentorp_code_id_c1af3294_fk_accounts_; Type: FK CONSTRAINT; Schema: public; Owner: postgres
--

ALTER TABLE ONLY public.user_profile_mentorprofile
    ADD CONSTRAINT user_profile_mentorp_code_id_c1af3294_fk_accounts_ FOREIGN KEY (code_id) REFERENCES public.accounts_teachercode(id) DEFERRABLE INITIALLY DEFERRED;


--
-- Name: user_profile_mentorprofile user_profile_mentorp_school_id_ed1a1c01_fk_accounts_; Type: FK CONSTRAINT; Schema: public; Owner: postgres
--

ALTER TABLE ONLY public.user_profile_mentorprofile
    ADD CONSTRAINT user_profile_mentorp_school_id_ed1a1c01_fk_accounts_ FOREIGN KEY (school_id) REFERENCES public.accounts_schoolname(id) DEFERRABLE INITIALLY DEFERRED;


--
-- Name: user_profile_mentorprofile user_profile_mentorprofile_user_id_5c3ea21d_fk_accounts_user_id; Type: FK CONSTRAINT; Schema: public; Owner: postgres
--

ALTER TABLE ONLY public.user_profile_mentorprofile
    ADD CONSTRAINT user_profile_mentorprofile_user_id_5c3ea21d_fk_accounts_user_id FOREIGN KEY (user_id) REFERENCES public.accounts_user(id) DEFERRABLE INITIALLY DEFERRED;


--
-- Name: user_profile_personalprofile user_profile_persona_code_id_51202cad_fk_accounts_; Type: FK CONSTRAINT; Schema: public; Owner: postgres
--

ALTER TABLE ONLY public.user_profile_personalprofile
    ADD CONSTRAINT user_profile_persona_code_id_51202cad_fk_accounts_ FOREIGN KEY (code_id) REFERENCES public.accounts_admincode(id) DEFERRABLE INITIALLY DEFERRED;


--
-- Name: user_profile_personalprofile user_profile_persona_school_id_a8388df8_fk_accounts_; Type: FK CONSTRAINT; Schema: public; Owner: postgres
--

ALTER TABLE ONLY public.user_profile_personalprofile
    ADD CONSTRAINT user_profile_persona_school_id_a8388df8_fk_accounts_ FOREIGN KEY (school_id) REFERENCES public.accounts_schoolname(id) DEFERRABLE INITIALLY DEFERRED;


--
-- Name: user_profile_personalprofile user_profile_persona_user_id_adf332d5_fk_accounts_; Type: FK CONSTRAINT; Schema: public; Owner: postgres
--

ALTER TABLE ONLY public.user_profile_personalprofile
    ADD CONSTRAINT user_profile_persona_user_id_adf332d5_fk_accounts_ FOREIGN KEY (user_id) REFERENCES public.accounts_user(id) DEFERRABLE INITIALLY DEFERRED;


--
-- Name: user_profile_studentprofile_achievements user_profile_student_achievements_id_4582b262_fk_achievmen; Type: FK CONSTRAINT; Schema: public; Owner: postgres
--

ALTER TABLE ONLY public.user_profile_studentprofile_achievements
    ADD CONSTRAINT user_profile_student_achievements_id_4582b262_fk_achievmen FOREIGN KEY (achievements_id) REFERENCES public.achievments_achievements(id) DEFERRABLE INITIALLY DEFERRED;


--
-- Name: user_profile_studentprofile user_profile_student_school_id_6d275dec_fk_accounts_; Type: FK CONSTRAINT; Schema: public; Owner: postgres
--

ALTER TABLE ONLY public.user_profile_studentprofile
    ADD CONSTRAINT user_profile_student_school_id_6d275dec_fk_accounts_ FOREIGN KEY (school_id) REFERENCES public.accounts_schoolname(id) DEFERRABLE INITIALLY DEFERRED;


--
-- Name: user_profile_studentprofile user_profile_student_statistics_id_de22df53_fk_user_prof; Type: FK CONSTRAINT; Schema: public; Owner: postgres
--

ALTER TABLE ONLY public.user_profile_studentprofile
    ADD CONSTRAINT user_profile_student_statistics_id_de22df53_fk_user_prof FOREIGN KEY (statistics_id) REFERENCES public.user_profile_playerstatistics(id) DEFERRABLE INITIALLY DEFERRED;


--
-- Name: user_profile_studentprofile_achievements user_profile_student_studentprofile_id_eb643d85_fk_user_prof; Type: FK CONSTRAINT; Schema: public; Owner: postgres
--

ALTER TABLE ONLY public.user_profile_studentprofile_achievements
    ADD CONSTRAINT user_profile_student_studentprofile_id_eb643d85_fk_user_prof FOREIGN KEY (studentprofile_id) REFERENCES public.user_profile_studentprofile(id) DEFERRABLE INITIALLY DEFERRED;


--
-- Name: user_profile_studentprofile user_profile_student_tree_id_1aa775b9_fk_user_prof; Type: FK CONSTRAINT; Schema: public; Owner: postgres
--

ALTER TABLE ONLY public.user_profile_studentprofile
    ADD CONSTRAINT user_profile_student_tree_id_1aa775b9_fk_user_prof FOREIGN KEY (tree_id) REFERENCES public.user_profile_tree(id) DEFERRABLE INITIALLY DEFERRED;


--
-- Name: user_profile_studentprofile user_profile_student_user_id_273401b6_fk_accounts_; Type: FK CONSTRAINT; Schema: public; Owner: postgres
--

ALTER TABLE ONLY public.user_profile_studentprofile
    ADD CONSTRAINT user_profile_student_user_id_273401b6_fk_accounts_ FOREIGN KEY (user_id) REFERENCES public.accounts_user(id) DEFERRABLE INITIALLY DEFERRED;


--
-- Name: user_profile_treestatistics user_profile_treesta_tree_id_1ce29b0f_fk_user_prof; Type: FK CONSTRAINT; Schema: public; Owner: postgres
--

ALTER TABLE ONLY public.user_profile_treestatistics
    ADD CONSTRAINT user_profile_treesta_tree_id_1ce29b0f_fk_user_prof FOREIGN KEY (tree_id) REFERENCES public.user_profile_tree(id) DEFERRABLE INITIALLY DEFERRED;


--
-- Name: webpush_pushinformation webpush_pushinformation_group_id_262dcc9a_fk; Type: FK CONSTRAINT; Schema: public; Owner: postgres
--

ALTER TABLE ONLY public.webpush_pushinformation
    ADD CONSTRAINT webpush_pushinformation_group_id_262dcc9a_fk FOREIGN KEY (group_id) REFERENCES public.webpush_group(id) DEFERRABLE INITIALLY DEFERRED;


--
-- Name: webpush_pushinformation webpush_pushinformation_subscription_id_7989aa34_fk; Type: FK CONSTRAINT; Schema: public; Owner: postgres
--

ALTER TABLE ONLY public.webpush_pushinformation
    ADD CONSTRAINT webpush_pushinformation_subscription_id_7989aa34_fk FOREIGN KEY (subscription_id) REFERENCES public.webpush_subscriptioninfo(id) DEFERRABLE INITIALLY DEFERRED;


--
-- Name: webpush_pushinformation webpush_pushinformation_user_id_5e083b7f_fk_accounts_user_id; Type: FK CONSTRAINT; Schema: public; Owner: postgres
--

ALTER TABLE ONLY public.webpush_pushinformation
    ADD CONSTRAINT webpush_pushinformation_user_id_5e083b7f_fk_accounts_user_id FOREIGN KEY (user_id) REFERENCES public.accounts_user(id) DEFERRABLE INITIALLY DEFERRED;


--
-- PostgreSQL database dump complete
--

